Mumbai	16	19.073	72.883
Delhi	07	28.652	77.231
Bengaluru	19	12.972	77.594
Hyderabad	40	17.384	78.456
Ahmedabad	09	23.026	72.587
Chennai	25	13.088	80.278
Kolkata	28	22.563	88.363
Surat	09	21.196	72.830
Pune	16	18.520	73.855
Jaipur	24	26.920	75.788
Kanpur	36	26.465	80.350
Navi Mumbai	16	19.037	73.016
Lucknow	36	26.839	80.923
Nagpur	16	21.146	79.085
Coimbatore	25	11.006	76.966
Indore	35	22.718	75.833
Thane	16	19.197	72.964
Vadodara	09	22.299	73.208
Bhopal	35	23.255	77.403
Rasapudipalem	02	17.733	83.316
Pimpri-Chinchwad	16	18.619	73.804
Patna	34	25.594	85.136
Kallakurichi	25	11.734	78.959
Ludhiana	23	30.912	75.854
Nashik	16	19.997	73.791
Madurai	25	9.919	78.120
Tirunelveli	25	8.727	77.684
Agra	36	27.183	78.017
Faridabad	10	28.411	77.313
Rajkot	09	22.292	70.793
Najafgarh	07	28.609	76.980
Jamshedpur	38	22.803	86.185
Pimpri	16	18.623	73.807
Kalyan	16	19.244	73.136
Dombivali	16	19.217	73.083
Meerut	36	28.980	77.706
Virar	16	19.456	72.811
Nowrangapur	21	19.231	82.548
Srinagar	12	34.086	74.806
Ghaziabad	36	28.665	77.439
Dhanbad	38	23.798	86.430
Aurangabad	16	19.878	75.342
Varanasi	36	25.317	83.010
Amritsar	23	31.622	74.875
Vijayawada	02	16.507	80.647
Ranchi	38	23.343	85.309
Jabalpur	35	23.167	79.950
Prayagraj	36	25.445	81.843
Visakhapatnam	02	17.680	83.202
Jodhpur	24	26.268	73.006
Gwalior	35	26.230	78.173
Teni	25	10.011	77.478
Howrah	28	22.577	88.319
Raipur	37	21.233	81.633
Tiruchirappalli	25	10.816	78.697
Kota	24	25.183	75.839
Shivaji Nagar	16	18.530	73.853
Sholapur	16	17.672	75.910
Chandigarh	05	30.736	76.788
Tiruppur	25	11.115	77.355
Guwahati	03	26.184	91.746
Hubballi	19	15.348	75.134
Mysuru	19	12.298	76.639
Salem	25	11.654	78.155
Gurugram	10	28.460	77.026
Bhubaneswar	21	20.272	85.834
Bhiwandi	16	19.300	73.059
Jalandhar	23	31.326	75.579
Rohini	07	28.743	77.068
Kanayannur	13	9.967	76.267
Bhayandar	16	19.302	72.851
Narela	07	28.853	77.093
Thiruvananthapuram	13	8.486	76.949
Aligarh	36	27.881	78.075
Bareilly	36	28.367	79.432
Moradabad	36	28.839	78.777
Warangal	40	18.000	79.583
Dharavi	16	19.050	72.867
Gorakhpur	36	26.766	83.369
Guntur	02	16.300	80.457
Puducherry	22	11.934	79.830
Jajmau	36	26.430	80.409
Amravati	16	20.933	77.750
Bikaner	24	28.018	73.315
Kochi	13	9.940	76.260
Bhilai	37	21.209	81.428
Cuttack	21	20.465	85.879
Borivli	16	19.235	72.860
Bhavnagar	09	21.763	72.153
Sangli	16	16.854	74.564
Jamnagar	09	22.473	70.067
Jammu	12	32.735	74.862
Bokaro	38	23.669	86.152
Nanded	16	19.160	77.315
Kozhikode	13	11.248	75.780
Kolhapur	16	16.696	74.232
Nellore	02	14.450	79.987
Kalaburagi	19	17.336	76.838
Ajmer	24	26.452	74.639
Dehradun	39	30.324	78.034
Erode	25	11.343	77.727
Durgapur	28	23.516	87.308
Ulhasnagar	16	19.217	73.150
Loni	36	28.751	77.290
Siliguri	28	26.710	88.429
Ujjain	35	23.182	75.776
Bilimora	09	20.770	72.961
Karol Bagh	07	28.651	77.191
Asansol	28	23.683	86.983
Mangaluru	19	12.917	74.856
Belagavi	19	15.852	74.504
Saharanpur	36	29.968	77.545
Vellore	25	12.918	79.133
Bhatpara	28	22.866	88.401
Malegaon	16	20.550	74.535
Modinagar	36	28.831	77.573
Gaya	34	24.797	85.004
Ambattur	25	13.098	80.162
Jalgaon	16	21.003	75.566
Kurnool	02	15.829	78.036
Ramgundam	40	18.801	79.452
Udaipur	24	24.586	73.713
Maheshtala	28	22.509	88.253
Patiala	23	30.336	76.392
Shyamnagar	28	22.833	88.367
Davangere	19	14.467	75.927
Akola	16	20.710	76.998
Rajpur Sonarpur	28	22.438	88.432
Korba	37	22.346	82.696
Jhansi	36	25.459	78.580
Thoothukudi	25	8.767	78.134
Ballari	19	15.142	76.924
Bhagalpur	34	25.244	86.972
Agartala	26	23.836	91.279
Kakinada	02	16.960	82.238
Latur	16	18.397	76.568
Panihati	28	22.691	88.374
Rajamahendravaram	02	17.005	81.778
Dhule	16	20.901	74.777
Rohtak	10	28.894	76.589
Ahilyanagar	16	19.095	74.738
Kollam	13	8.881	76.585
Bilaspur	37	22.080	82.155
Bhilwara	24	25.347	74.641
Brahmapur	21	19.312	84.793
Muzaffarpur	34	26.123	85.391
Punasa	35	22.235	76.393
Muzaffarnagar	36	29.471	77.703
Avadi	25	13.115	80.110
Kadapa	02	14.480	78.823
Kukatpally	40	17.485	78.414
Kamarhati	28	22.671	88.375
Mathura	36	27.503	77.672
Chanda	16	19.951	79.295
Vijayapura	19	16.824	75.715
Shivamogga	19	13.932	75.568
Alwar	24	27.562	76.625
Shahjanpur	36	27.882	79.909
Junagadh	09	21.520	70.460
New Delhi	07	28.621	77.215
Thrissur	13	10.517	76.217
Nizamabad	40	18.672	78.099
Tumkur	19	13.341	77.102
Parbhani	16	19.269	76.771
Hisar	10	29.154	75.723
Firozabad	36	27.151	78.398
Kulti	28	23.732	86.844
Karnal	10	29.692	76.984
Barddhaman	28	23.256	87.857
Gundupalaiyam	22	11.941	79.803
Barasat	28	22.722	88.482
Mulugu	40	18.191	79.943
Bihar Sharif	34	25.201	85.524
Bali	28	22.649	88.341
Rampur	36	28.810	79.027
Darbhanga	34	26.152	85.897
Panipat	10	29.387	76.968
Tirupati	02	13.636	79.420
Greater Noida	36	28.496	77.536
Noida	36	28.580	77.330
Aizawl	31	23.729	92.718
Gandhinagar	09	23.217	72.683
Dindigul	25	10.369	77.980
Thanjavur	25	10.785	79.139
Karimnagar	40	18.439	79.129
Dewas	35	22.966	76.055
Sonipat	10	28.995	77.019
Ichalkaranji	16	16.691	74.461
Bathinda	23	30.207	74.939
Jalna	16	19.841	75.886
Kirari Sulemannagar	07	28.697	77.065
Satna	35	24.577	80.827
Purnia	34	25.779	87.474
Imphal	17	24.808	93.944
Saugor	35	23.839	78.739
Kushinagar	36	26.741	83.887
Rourkela	21	22.225	84.864
Durg	37	21.191	81.276
Anantapur	02	14.678	77.608
Ratlam	35	23.330	75.040
Ranipet	25	12.925	79.333
Lal Bahadur Nagar	40	17.348	78.558
Arrah	34	25.556	84.663
Baranagar	28	22.641	88.377
Gajuwaka	02	17.700	83.217
Etawah	36	26.776	79.021
Ambarnath	16	19.200	73.167
Naihati	28	22.894	88.415
Bharatpur	24	27.217	77.490
Begusarai	34	25.419	86.134
Tiruvottiyur	25	13.158	80.302
Gandhidham	09	23.083	70.133
Mau	36	25.942	83.561
Sikar	24	27.612	75.140
Ramagundam	40	18.755	79.474
Hapur	36	28.730	77.781
Farrukhabad	36	27.391	79.579
Alappuzha	13	9.490	76.326
Katihar	34	25.539	87.570
Sri Ganganagar	24	29.920	73.875
Rewa	35	24.533	81.292
Uluberiya	28	22.476	88.099
Sivakasi	25	9.450	77.798
Karur	25	10.958	78.081
Raichur	19	16.205	77.356
Pallavaram	25	12.968	80.150
Ooty	25	11.413	76.695
Pali	24	25.773	73.323
Hosur	25	12.736	77.833
Vizianagaram	02	18.117	83.411
Shrirampur	28	22.753	88.342
Quthbullapur	40	17.501	78.458
Nadiad	09	22.694	72.862
Nagercoil	25	8.179	77.432
Karawalnagar	07	28.727	77.270
Mango	38	22.828	86.216
Murwara	35	23.838	80.394
Kanchipuram	25	12.835	79.700
Singrauli	35	24.200	82.675
Mirzapur	36	25.145	82.565
Kharagpur	28	22.340	87.325
Eluru	02	16.713	81.104
Raniganj	40	17.428	78.494
Yamuna Nagar	10	30.128	77.284
Raurkela Industrial Township	21	22.200	84.862
Bidar	19	17.908	77.515
Munger	34	25.375	86.475
Nandyal	02	15.478	78.484
Panchkula	10	30.695	76.850
Burhanpur	35	21.309	76.230
Morvi	09	22.817	70.838
Anand	09	22.553	72.955
Ongole	02	15.504	80.045
Hosapete	19	15.270	76.387
Nangloi Jat	07	28.680	77.068
Secunderabad	40	17.504	78.543
Deoghar	38	24.490	86.699
Chapra	34	25.780	84.747
Khandwa	35	21.824	76.351
Puri	21	19.798	85.825
Morena	35	26.499	77.995
Gyanpur	36	25.333	82.466
Bulandshahr	36	28.404	77.858
Bhind	35	26.567	78.787
Bhalswa Jahangirpur	07	28.736	77.167
Khammam	40	17.248	80.144
Sambhal	36	28.585	78.570
Bhiwani	10	28.793	76.140
Panvel	16	18.989	73.110
Ambala	10	30.361	76.798
Kumarapalayam	25	11.445	77.711
Machilipatnam	02	16.187	81.139
Mahesana	09	23.599	72.385
Mahbubnagar	40	16.744	77.986
Sambalpur	21	21.465	83.976
Bhusawal	16	21.044	75.785
Raebareli	36	26.231	81.233
Haridwar	39	29.948	78.160
Phusro	38	23.756	86.005
Adoni	02	15.628	77.275
Sujangarh	24	27.700	74.467
Sirsa	10	29.535	75.029
Dinapur Nizamat	34	25.638	85.051
Bahraigh	36	27.574	81.595
Karaikkudi	25	10.066	78.768
Sultan Pur Majra	07	28.690	77.076
Guna	35	24.647	77.311
Chandannagar	28	22.862	88.368
Baharampur	28	24.105	88.252
Shahuwadi	16	16.910	73.947
Madanapalle	02	13.550	78.503
Shivpuri	35	25.424	77.662
Surendranagar	09	22.727	71.649
Neyveli	25	11.609	79.499
Silchar	03	24.827	92.798
Proddatur	02	14.750	78.548
Hugli	28	22.909	88.397
Hashtsal	07	28.634	77.058
Amroha	36	28.903	78.470
Chhindwara	35	22.057	78.940
Tambaram	25	12.925	80.127
Bhetia	38	22.793	86.141
Pathankot	23	32.275	75.653
Badlapur	16	19.155	73.266
Cuddalore	25	11.756	79.767
Shimla	11	31.104	77.167
Gadag-Betageri	19	15.417	75.617
Gadag	19	15.430	75.630
Veraval	09	20.908	70.368
Navsari	09	20.942	72.925
Bahadurgarh	10	28.693	76.936
Haldia	28	22.060	88.110
Raiganj	28	25.613	88.124
Malda	28	25.004	88.146
Jaunpur	36	25.754	82.687
Deoli	07	28.503	77.231
Bharuch	09	21.695	72.981
Hoshiarpur	23	31.537	75.913
Jind	10	29.316	76.315
Kumbakonam	25	10.962	79.391
Mohali	23	30.680	76.722
Fatehpur	36	25.928	80.813
Tonk	24	26.166	75.788
Udupi	19	13.335	74.746
Thenali	02	16.243	80.640
Sitapur	36	27.562	80.683
Alandur	25	13.002	80.206
Bhadravati	19	13.848	75.705
Vapi	09	20.372	72.905
Moga	23	30.814	75.169
Raj-Nandgaon	37	21.097	81.029
Robertsonpet	19	12.956	78.275
Unnao	36	26.547	80.488
Budaun	36	28.038	79.127
Madhyamgram	28	22.689	88.446
Chittoor	02	13.211	79.096
Jamuria	28	23.705	87.079
Jaigaon	28	26.848	89.376
Batala	23	31.809	75.203
Orai	36	25.990	79.453
Saharsa	34	25.875	86.596
Vidisha	35	23.526	77.811
Hanumangarh	24	29.582	74.329
Thanesar	10	29.973	76.832
Hassan	19	13.007	76.096
Kishangarh	24	26.590	74.854
Dalupura	07	28.606	77.319
Rudrapur	39	28.980	79.400
Nalgonda	40	17.054	79.267
Hazaribagh	38	23.992	85.362
Medinipur	28	22.421	87.323
Balurghat	28	25.221	88.777
Fyzabad	36	26.775	82.150
Dinapore	34	25.637	85.048
Porbandar	09	21.642	69.609
Banda	36	25.478	80.335
Hindupur	02	13.828	77.491
Beawar	24	26.101	74.320
Anantnag	12	33.731	75.154
Serilingampalle	40	17.493	78.302
Raigarh	37	21.898	83.397
Malkajgiri	40	17.448	78.526
Shantipur	28	23.247	88.433
Bhuj	09	23.254	69.669
Barakpur	28	22.766	88.363
Hajipur	34	25.685	85.210
Sasaram	34	24.949	84.016
Bhimavaram	02	16.541	81.523
Beed	16	18.989	75.756
Burari	07	28.756	77.199
Krishnanagar	28	23.406	88.491
Chitradurga	19	14.223	76.400
Dibrugarh	03	27.480	94.908
Abohar	23	30.145	74.196
Tiruvannamalai	25	12.227	79.075
Kaithal	10	29.802	76.400
Balasore	21	21.493	86.933
Godhra	09	22.775	73.615
Shillong	18	25.569	91.883
Rewari	10	28.199	76.618
Basirhat City	28	22.661	88.855
Chhatarpur	35	24.918	79.589
Mandsaur	35	24.072	75.070
Chas	38	23.636	86.167
Palanpur	09	24.171	72.438
Lakhimpur	36	27.948	80.779
Valsad	09	20.610	72.934
Damoh	35	23.833	79.442
Haldwani	39	29.223	79.529
Habra	28	22.842	88.656
Kolar	19	13.138	78.130
Srikakulam	02	18.299	83.898
Mandya	19	12.522	76.897
Madhurampur Dehri	34	24.969	84.196
Kanchrapara	28	22.960	88.428
Dimapur	20	25.912	93.722
Maler Kotla	23	30.531	75.879
Siwan	34	26.221	84.356
Kalol	09	23.247	72.495
Bankura	28	23.232	87.072
Patan	09	23.851	72.130
Gonda City	36	27.132	81.953
Dhaulpur	24	26.693	77.880
Gondia	16	21.460	80.192
Palakkad	13	10.773	76.654
Bettiah	34	26.802	84.503
Palwal	10	28.145	77.325
Raniganj	28	23.616	87.131
Etah	36	27.559	78.657
Pilibhit	36	28.631	79.804
Rajapalayam	25	9.453	77.553
Botad	09	22.169	71.667
Deoria	36	26.502	83.779
Nimach	24	24.459	74.866
Khardah	28	22.719	88.378
Yavatmal	16	20.393	78.132
Halisahar	28	22.932	88.419
Khanna	23	30.705	76.222
Titagarh	28	22.743	88.373
Mustafabad	07	28.720	77.268
Hathras	36	27.596	78.052
Jorhat	03	26.758	94.203
Lalitpur	36	24.690	78.419
Guntakal	02	15.171	77.362
Pithampur	35	22.602	75.696
Mothihari	34	26.649	84.917
Kanhangad	13	12.308	75.106
Jagdalpur	37	19.081	82.021
Jagadhri	10	30.167	77.304
Darjiling	28	27.033	88.267
Kurichchi	25	10.961	76.974
Dam Dam	28	22.633	88.423
Hardoi	36	27.395	80.132
Puruliya	28	23.331	86.363
Dharmavaram	02	14.414	77.720
Gokalpur	07	28.703	77.290
Bhadreswar	28	22.824	88.338
Nagaon	03	26.350	92.667
Vejalpur	09	22.690	73.563
Chikmagalur	19	13.322	75.774
Bhadrak	21	21.054	86.516
Sawai Madhopur	24	26.023	76.344
Ambikapur	37	23.119	83.195
Mandoli	07	28.703	77.310
Satara	16	17.686	73.993
Churu	24	28.304	74.967
Gangapur	24	26.472	76.717
Madhavaram	25	13.148	80.231
Dohad	09	22.833	74.260
Barshi	16	18.235	75.693
Adilabad	40	19.672	78.536
Jhunjhunun	24	28.126	75.398
Jetpur	09	21.755	70.623
Uppal Kalan	40	17.406	78.559
Gudivada	02	16.435	80.996
Baran	24	25.100	76.517
Narmadapuram	35	22.747	77.727
Amreli	09	21.600	71.212
Pudukkottai	25	10.381	78.821
Narasaraopet	02	16.235	80.049
Rishra	28	22.724	88.346
Baripada	21	21.935	86.729
Muktsar	23	30.474	74.517
Azamgarh	36	26.068	83.184
Barnala	23	30.375	75.549
Yelahanka	19	13.101	77.596
Chittorgarh	24	24.890	74.624
Tinsukia	03	27.489	95.360
Khargone	35	21.823	75.614
Baidyabati	28	22.785	88.326
Basti	36	26.788	82.716
Gangavati	19	15.431	76.529
Ambur	25	12.792	78.716
Giridih	38	24.186	86.309
Wardha	16	20.739	78.598
Tadepalligudem	02	16.815	81.527
Chanduasi	36	28.452	78.783
Bagaha	34	27.099	84.090
Achalpur	16	21.257	77.510
Gondal	09	21.961	70.803
Dharashiv	16	18.182	76.039
Port Blair	01	11.666	92.746
Bagalkot	19	16.187	75.696
Suriapet	40	17.141	79.620
Bangaon	28	23.046	88.831
Ashoknagar Kalyangarh	28	22.864	88.637
Deesa	09	24.256	72.179
Navadwip	28	23.407	88.369
Nandurbar	16	21.367	74.241
Sultanpur	36	26.258	82.073
Delhi Cantonment	07	28.600	77.133
Firozpur	23	30.926	74.613
Pandit Deen Dayal Upadhyaya Nagar	36	25.283	83.120
Sehore	35	23.200	77.083
Kanpur Cantonment	36	26.459	80.375
Bansbaria	28	22.954	88.401
Tadpatri	02	14.908	78.010
Jalpaiguri	28	26.517	88.733
Mangalagiri	02	16.431	80.568
Ranebennur	19	14.622	75.630
Khurja	36	28.254	77.855
Kishanganj	34	26.102	87.955
Ponnani	13	10.767	75.925
Hindaun	24	26.734	77.035
Jamalpur	34	25.313	86.489
Nagaur	24	27.202	73.734
Ambala Sadar	10	30.335	76.863
Bhiwadi	24	28.210	76.861
Bundi	24	25.439	75.637
Miryalaguda	40	16.872	79.562
Soyibug	12	34.077	74.706
Jagtial	40	18.795	78.917
Roorkee	39	29.866	77.891
Udgir	16	18.393	77.118
Nagda	35	23.458	75.418
Betul	35	21.901	77.902
Jahanabad	34	25.214	84.987
Kashipur	39	29.214	78.957
Ghazipur	36	25.583	83.585
Amaravati	02	16.514	80.516
Nagapattinam	25	10.764	79.843
Buxar	34	25.575	83.980
Mormugao	33	15.389	73.815
Seoni	35	22.085	79.550
Aurangabad	34	24.752	84.374
Hinganghat	16	20.549	78.840
Dhamtari	37	20.707	81.549
Chilakalurupet	02	16.090	80.167
Malappuram	13	11.042	76.082
Banswara	24	23.541	74.442
Chirmiri	37	23.191	82.353
Itarsi	35	22.615	77.762
Vasco da Gama	33	15.396	73.816
Gangtok	29	27.326	88.612
Datia	35	25.673	78.459
Phagwara	23	31.225	75.774
Airoli	16	19.151	72.996
Luckeesarai	34	25.177	86.095
Shikohabad	36	27.108	78.587
Kasganj	36	27.809	78.646
Khambhat	09	22.317	72.619
Kohima	20	25.675	94.111
Pandharpur	16	17.679	75.331
Kapurthala Town	23	31.380	75.381
Mahuva	09	21.090	71.769
Silvassa	52	20.274	72.997
Balangir	21	20.704	83.490
Nawada	34	24.887	85.544
Bhilai Charoda	37	21.223	81.456
Shamli	36	29.450	77.310
Jharsuguda	21	21.855	84.007
Sadatpur Gujran	07	28.728	77.248
Chalisgaon	16	20.458	75.016
Villupuram	25	11.940	79.492
Amalner	16	21.040	75.059
Tellicherry	13	11.748	75.493
Manjeri	13	11.120	76.120
Birgaon	37	21.308	81.628
Barmer	24	25.746	71.392
Puth Kalan	07	28.712	77.079
Kuniyamuttur	25	10.964	76.953
Sardarshahr	24	28.441	74.491
Sahibganj	38	25.244	87.635
Sanand	09	22.992	72.382
Paramagudi	25	9.546	78.591
Zerakpur	23	30.656	76.821
Tiruchengode	25	11.380	77.894
Closepet	19	12.722	77.281
Emmiganur	02	15.772	77.483
Vaniyambadi	25	12.682	78.620
Kovilpatti	25	9.172	77.870
Parli Vaijnath	16	18.851	76.532
Mainpuri	36	27.229	79.029
Khamgaon	16	20.707	76.568
Makrana	24	27.044	74.724
Allinagaram	25	10.027	77.478
Gudiyatham	25	12.946	78.874
Dhar	35	22.594	75.298
Baraut	36	29.102	77.263
Kalyani	28	22.976	88.434
Doddaballapura	19	13.295	77.538
Chirala	02	15.824	80.352
Akot	16	21.096	77.059
Fatehpur	24	27.995	74.956
Gharroli	07	28.617	77.332
Rajpura	23	30.479	76.593
Ballarpur	16	19.847	79.346
Kot Kapura	23	30.581	74.826
Bhandara	16	21.168	79.649
Molarband	07	28.503	77.314
Bagaha	34	24.529	85.060
Rayachoti	02	14.057	78.751
Kadayanallur	25	9.073	77.342
Valparai	25	10.327	76.951
Pollachi	25	10.658	77.008
Kavali	02	14.916	79.994
Roha	16	18.437	73.120
Mancherial	40	18.871	79.429
Avaniyapuram	25	9.882	78.113
Muradnagar	36	28.781	77.499
Ankleshwar	09	21.632	72.990
Kadiri	02	14.112	78.160
Shahdol	35	23.294	81.362
Shrirampur	16	19.622	74.657
Mahoba	36	25.291	79.875
Ramgarh	38	23.630	85.522
Contai	28	21.780	87.749
Sangrur	23	30.245	75.845
Nirmal	40	19.097	78.344
Deoband	36	29.695	77.680
Neyyattinkara	13	8.399	77.086
Tanda	36	26.550	82.658
Kolar	35	23.165	77.419
Jhumri Telaiya	38	24.435	85.530
Aruppukkottai	25	9.510	78.096
Faridkot	23	30.674	74.756
Madgaon	33	15.275	73.958
Velampalaiyam	25	11.138	77.311
Jamui	34	24.926	86.225
Anjar	09	23.113	70.027
Paralakhemundi	21	18.776	84.095
Jharia	38	23.741	86.415
Karaikal	22	10.917	79.833
Kamthi	16	21.216	79.197
Hansi	10	29.102	75.963
Mayiladuthurai	25	11.104	79.655
Anakapalle	02	17.691	83.004
Maduravoyal	25	13.068	80.163
Sarni	35	22.103	78.172
Dausa	24	26.890	76.336
Paradip Garh	21	20.316	86.609
Hingoli	16	19.715	77.142
Baruni	34	25.475	85.968
Jeypore	21	18.856	82.572
Bijnor	36	29.373	78.136
Dhoraji	09	21.734	70.450
Virappanchathiram	25	11.353	77.713
Balaghat	35	21.816	80.188
Udhampur	12	32.924	75.136
Najibabad	36	29.612	78.343
Idaiyarpalaiyam	25	11.039	76.924
Harihar	19	14.513	75.807
Chilla Soroda Bangar	07	28.596	77.302
Sirsilla	40	18.389	78.810
Karauli	24	26.498	77.028
Mansa	23	29.988	75.402
Jangipur	28	24.470	88.077
Gobindgarh	23	30.671	76.302
Saunda	38	23.665	85.327
Maraimalainagar	25	12.798	80.025
Ashoknagar	35	24.576	77.731
Phulwari Sharif	34	25.578	85.072
Mhow	35	22.559	75.765
Malout	23	30.211	74.482
Kadi	09	23.299	72.334
Vijalpor	09	20.922	72.909
Palakollu	02	16.517	81.730
Himatnagar	09	23.599	72.966
Dholka	09	22.727	72.441
Kotkapura	23	30.582	74.833
Bargarh	21	21.333	83.619
Kharghar	16	19.050	73.070
Kairana	36	29.395	77.205
Brajarajnagar	21	21.817	83.917
Kamareddi	40	18.320	78.342
Palwancha	40	17.582	80.677
Manmad	16	20.253	74.438
Srikalahasti	02	13.755	79.701
Kottagudem	40	17.551	80.618
Nawabganj	36	26.931	81.198
Gokak	19	16.169	74.824
Tikamgarh	35	24.743	78.831
Arakkonam	25	13.084	79.671
Araria	34	26.149	87.513
Koch Bihar	28	26.325	89.445
Kharakvasla	16	18.440	73.775
Bhadohi	36	25.395	82.570
Katoya	28	23.646	88.133
Medininagar	38	24.040	84.066
Washim	16	20.111	77.133
Bagbera	38	22.759	86.190
Savarkundla	09	21.337	71.303
Basoda	35	23.852	77.937
Tanuku	02	16.754	81.681
Gurdaspur	23	32.039	75.403
Edattala	13	10.056	76.385
Bodhan	40	18.662	77.886
Balrampur	36	27.429	82.185
Baramula	12	34.209	74.343
Karwar	19	14.814	74.130
Dhulian	28	24.681	87.954
Rabkavi-Banhatti	19	16.470	75.120
Mawana	36	29.103	77.922
Shirpur	16	21.348	74.880
Budge Budge	28	22.483	88.182
Kundla	09	21.342	71.306
Visnagar	09	23.699	72.552
Kannauj	36	27.055	79.919
Khajoori Khas	07	28.710	77.259
Neelankarai	25	12.950	80.259
Nagina	36	29.444	78.436
Badagara	13	11.598	75.581
Fazilka	23	30.402	74.028
Electronic City Phase I	19	12.855	77.663
Ratnagiri	16	16.992	73.310
Keshod	09	21.303	70.249
Konnagar	28	22.705	88.344
Chintamani	19	13.401	78.052
Pammal	25	12.975	80.135
Sindhnur	19	15.770	76.756
Madhubani	34	26.354	86.072
Bodinayakkanur	25	10.012	77.350
Khadki	16	18.564	73.852
Dhrangadhra	09	22.992	71.468
Tezpur	03	26.633	92.800
Srivilliputhur	25	9.513	77.634
Benipur	34	26.055	86.146
Paloncha	40	17.602	80.705
Jaora	35	23.638	75.127
Tura	18	25.514	90.202
Gudur	02	14.151	79.852
Narnaul	10	28.044	76.108
Balotra	24	25.832	72.240
Kharar	23	30.746	76.647
Yadgir	19	16.770	77.138
Harda	35	22.344	77.095
Pilkhua	36	28.713	77.656
Ambajogai	16	18.733	76.386
Kapas Herd	07	28.526	77.084
Bela	36	25.921	81.996
Rabkavi	19	16.476	75.111
Bawana	07	28.798	77.034
Shahabad	36	27.643	79.940
Virudhachalam	25	11.515	79.328
Chandpur	36	29.135	78.272
Kasipalaiyam	25	11.320	77.710
Sikandarabad	36	28.452	77.700
Virudunagar	25	9.585	77.958
Pattukkottai	25	10.424	79.319
Pusad	16	19.913	77.578
Tindivanam	25	12.234	79.656
Chopda	16	21.246	75.299
Taliparamba	13	12.042	75.359
Sangareddi	40	17.625	78.087
Palghar	16	19.697	72.765
Dharapuram	25	10.738	77.532
Payyanur	13	12.094	75.202
Sheopur	35	25.665	76.696
Channapatna	19	12.651	77.207
Koyilandy	13	11.438	75.693
Faridpur	36	28.210	79.541
Barauni	34	25.471	85.976
Krishnagiri	25	12.519	78.214
Sopur	12	34.287	74.472
Rayagada	21	19.171	83.414
Zahirabad	40	17.681	77.607
Khopoli	16	18.786	73.346
Ratangarh	24	28.081	74.619
Markapur	02	15.735	79.268
Kalamassery	13	10.061	76.326
Bolpur	28	23.663	87.697
Panjim	33	15.496	73.826
Ranaghat	28	23.176	88.567
Bapatla	02	15.904	80.467
Fatehabad	10	29.515	75.456
Beypore	13	11.172	75.806
Koppal	19	15.345	76.155
Badvel	02	14.745	79.063
Dadri	36	28.553	77.554
Thenkasi	25	8.960	77.315
Suratgarh	24	29.322	73.900
Auraiya	36	26.465	79.509
Palani	25	10.450	77.521
Nallur	25	11.100	77.391
Chamrajnagar	19	11.923	76.939
Mithepur	07	28.497	77.319
Mangrol	09	21.123	70.115
Basavakalyan	19	17.874	76.950
Pul Pehlad	07	28.499	77.291
Chaibasa	38	22.550	85.802
Tripunittura	13	9.943	76.333
Shajapur	35	23.426	76.278
Mettupalayam	25	11.300	76.935
Sunam	23	30.129	75.799
Bhawanipatna	21	19.907	83.167
Ziauddin Pur	07	28.709	77.277
Jamkhandi	19	16.505	75.291
Basmat	16	19.329	77.157
Taj Pul	07	28.495	77.306
Kayamkulam	13	9.182	76.501
Dharmapuri	25	12.128	78.158
Bisalpur	36	28.293	79.805
Attili	02	16.700	81.600
Cumbum	25	9.736	77.285
Munnar	13	10.088	77.062
Panipat Taraf Makhdum Zadgan	10	29.416	76.988
Nabha	23	30.376	76.153
Bihat	34	25.425	86.021
Samastipur	34	25.862	85.780
Karanja	16	20.483	77.489
Sitamarhi	34	26.594	85.491
Rajsamand	24	25.071	73.880
Malkapur	16	20.886	76.199
Modasa	09	23.463	73.299
Jaisalmer	24	26.918	70.904
Buldana	16	20.529	76.185
Dhenkanal	21	20.657	85.597
Urun-Islampur	16	17.050	74.267
Gopalganj	34	26.467	84.440
Bongaigaon	03	26.477	90.558
Sangamner	16	19.568	74.212
Haveri	19	14.794	75.404
Mannargudi	25	10.666	79.451
Jhalawar	24	24.596	76.165
Tarn Taran	23	31.452	74.928
Siddipet	40	18.105	78.849
Bellampalli	40	19.056	79.493
Barbil	21	22.102	85.378
Koratla	40	18.822	78.712
Rishikesh	39	30.108	78.293
Goyerkata	28	26.700	89.026
Mandamarri	40	18.965	79.475
Puliyankudi	25	9.175	77.398
Palasa	02	18.773	84.410
Gohana	10	29.138	76.702
Pulivendla	02	14.421	78.225
Chengalpattu	25	12.692	79.977
Wadgaon Kolhati	16	19.843	75.236
Ladnun	24	27.653	74.400
Supaul	34	26.115	86.595
Gangarampur	28	25.401	88.530
Ramanathapuram	25	9.372	78.831
Jagraon	23	30.788	75.474
Sinnar	16	19.845	73.999
Kopargaon	16	19.882	74.476
Alipur Duar	28	26.483	89.523
Tandur	40	17.248	77.577
Khatauli	36	29.278	77.733
Viraraghavapuram	25	13.073	80.108
Siuri	28	23.908	87.528
Bina	35	24.172	78.188
Palitana	09	21.525	71.823
Chaumu	24	27.170	75.722
Halol	09	22.503	73.472
Kodar	40	16.998	79.966
Bangarda Chhota	35	22.744	75.814
Tadepalle	02	16.483	80.600
Tirupattur	25	12.492	78.568
Chinnachowk	02	14.475	78.835
Bishnupur	28	23.074	87.320
Amur	40	18.793	78.277
Baheri	36	28.774	79.497
Nawalgarh	24	27.852	75.274
Anaiyur	25	9.962	78.112
Kunnamkulam	13	10.647	76.067
Raghogarh	35	24.443	77.198
Tohana	10	29.713	75.904
Jatani	21	20.160	85.707
Arni	25	12.668	79.285
Chik Ballapur	19	13.435	77.728
Dhubri	03	26.019	89.986
Borsad	09	22.408	72.898
Gadwal	40	16.235	77.796
Piduguralla	02	16.479	79.886
Sheikhpura	34	25.140	85.841
Sirsi	19	14.621	74.836
Nipani	16	16.399	74.383
Kannur	13	11.868	75.358
Bari	24	26.647	77.616
Nokha	24	27.562	73.471
Vinukonda	02	16.053	79.740
Renukut	36	24.216	83.036
Nagari	02	13.321	79.586
Chidambaram	25	11.399	79.691
Dabwali	10	29.949	74.738
Sibsagar	03	26.984	94.638
Narwana	10	29.599	76.119
Okha	09	22.468	69.070
Nani Daman	52	20.414	72.832
Kuchaman	24	27.147	74.857
Nimbahera	24	24.622	74.680
Siddhapur	09	23.918	72.372
Diphu	03	25.843	93.431
Attur	25	11.594	78.601
Rayadrug	02	14.700	76.852
Rath	36	25.595	79.567
Cheruvannur	13	11.190	75.828
Vriddhachalam	25	11.518	79.324
Barh	34	25.483	85.709
Shahada	16	21.545	74.471
Dabra	35	25.886	78.332
Udumalaippettai	25	10.588	77.248
Tiptur	19	13.256	76.478
Sahaswan	36	28.072	78.751
Wanparti	40	16.367	78.069
Sirhind	23	30.643	76.384
Bardoli	09	21.123	73.112
Mokameh	34	25.397	85.922
Arambagh	28	22.883	87.783
Poonamalle	25	13.049	80.115
Keonjhargarh	21	21.632	85.597
Bhadravati	16	20.100	79.114
Panruti	25	11.777	79.553
Ilkal	19	15.959	76.114
Kiratpur	36	29.507	78.206
Vrindavan	36	27.581	77.697
Kodungallur	13	10.233	76.195
Nedumangad	13	8.603	77.001
Bangaon	34	25.867	86.512
Narsimhapur	35	22.949	79.184
Ponnur	02	16.071	80.549
Kathua	12	32.369	75.525
North Lakhimpur	03	27.235	94.104
Masaurhi Buzurg	34	25.354	85.032
Nerkunram	25	13.062	80.209
Shegaon	16	20.793	76.699
Mandideep	35	23.082	77.533
Pachora	16	20.667	75.353
Gobichettipalayam	25	11.455	77.442
Gangoh	36	29.780	77.263
Itanagar	30	27.087	93.610
Jaitpur	10	28.506	77.330
Narasapur	02	16.434	81.698
Dhone	02	15.395	77.871
Rajgarh	24	28.642	75.386
Ullal	19	12.806	74.861
Panna	35	24.721	80.188
Gola Gokarannath	36	28.078	80.471
Gohad	35	26.433	78.442
Wani	16	20.055	78.953
Thiruvarur	25	10.773	79.637
Upleta	09	21.740	70.283
Nuzvid	02	16.789	80.846
Lonavla	16	18.753	73.406
Una	09	20.823	71.038
Sillod	16	20.303	75.653
Sira	19	13.742	76.904
Chikhli	16	20.350	76.258
Jhargram	28	22.454	86.995
Kagaznagar	40	19.332	79.466
Bhatapara	37	21.735	81.947
Kasibugga	02	18.759	84.416
Hasanpur	36	28.722	78.284
Lohardaga	38	23.433	84.680
Jahangirabad	36	28.405	78.106
Sherkot	36	29.327	78.574
Katras	38	23.798	86.298
Macherla	02	16.476	79.435
Naksalbari	28	26.683	88.220
Sankarankovil	25	9.170	77.541
Mulbagal	19	13.164	78.393
Kandukur	02	15.215	79.904
Tiruvalla	13	9.382	76.575
Roshanpura	07	28.601	76.989
Ponnuru	02	16.065	80.552
Kollegal	19	12.154	77.111
Mukandpur	07	28.739	77.183
Unjha	09	23.804	72.391
Chhibramau	36	27.149	79.501
Tilhar	36	27.963	79.738
Lunglei	31	22.892	92.742
Hoskote	19	13.071	77.798
Byasanagar	21	20.956	86.126
Bada Barabil	21	22.112	85.387
Samalkot	02	17.057	82.176
Karimganj	03	24.869	92.355
Bobbili	02	18.574	83.359
Mettur	25	11.788	77.801
Sattenapalle	02	16.394	80.152
Tirurangadi	13	11.043	75.923
Tennala	13	10.993	75.935
Chakradharpur	38	22.676	85.629
Sendhwa	35	21.686	75.096
Talegaon Dabhade	16	18.735	73.676
Hiriyur	19	13.945	76.617
Anjangaon	16	21.165	77.309
Charkhi Dadri	10	28.592	76.272
Ujhani	36	28.003	79.008
Bankra	28	22.603	88.278
Dabhoi	09	22.183	73.433
Teghra	34	25.490	85.940
Obra	36	24.419	82.988
Tiruvallur	25	13.144	79.909
Mandapeta	02	16.863	81.929
Tirur	13	10.914	75.921
Ropar	23	30.969	76.527
Namakkal	25	11.221	78.165
Arcot	25	12.906	79.319
Laharpur	36	27.708	80.903
Viramgam	09	23.126	72.050
Islampur	28	26.265	88.190
Karad	16	17.289	74.182
Yanam	02	16.733	82.214
Abu Road	24	24.480	72.782
Raxaul	34	26.980	84.851
Moonniyur	13	11.060	75.903
Barwani	35	22.032	74.900
Kottayam	13	9.587	76.521
Tiruttangal	25	9.483	77.833
Petlad	09	22.477	72.800
Jalaun	36	26.145	79.337
Periya Semur	25	11.361	77.690
Madhupur	38	24.274	86.639
Dhuri	23	30.368	75.868
Challakere	19	14.318	76.652
Etawa	35	24.184	78.203
Chiplun	16	17.533	73.509
Mandla	35	22.599	80.371
Bhimunipatnam	02	17.890	83.452
Mawlai-Mawiong	18	25.623	91.882
Kavanur	25	12.996	80.075
Pithapuram	02	17.117	82.253
Kandi	28	23.959	88.040
Idappadi	25	11.586	77.839
Sahibabad Daulotpur	07	28.747	77.115
Punganuru	02	13.367	78.572
Ghatal	28	22.662	87.734
Jafarabad	07	28.679	77.271
Sagar	19	14.165	75.029
Sihor	09	21.711	71.962
Mundka	07	28.680	77.030
Deglur	16	18.548	77.577
Madhepura	34	25.921	86.793
Baramati	16	18.152	74.578
Mahasamund	37	21.107	82.095
Sidhi	35	24.404	81.880
Kasaragod	13	12.498	74.990
Garhchiroli	16	20.181	80.005
Puttur	02	13.442	79.553
Jalor	24	25.346	72.616
Samana	23	30.154	76.199
Razampeta	02	14.195	79.159
Wari	16	21.153	79.008
Shella	18	25.179	91.640
Palmaner	02	13.200	78.747
Deolali	16	19.944	73.834
Kanakapura	19	12.547	77.420
Wokha	20	26.097	94.258
Umred	16	20.854	79.325
Kalna	28	23.219	88.363
Pallichal	13	8.450	77.026
Tandoni	25	10.926	78.094
Parvatipuram	02	18.784	83.426
Kotharia	09	22.234	70.819
Ottapalam	13	10.774	76.378
Didwana	24	27.401	74.575
Begampur	07	28.727	77.067
Gaddi Annaram	40	17.367	78.524
Dumraon	34	25.553	84.151
Nerupperichchal	25	11.161	77.374
Jaggaiahpet	02	16.892	80.096
Rampur Hat	28	24.177	87.783
Khanapuram Haveli	40	17.262	80.168
Goalpara	03	26.177	90.626
Tuni	02	17.359	82.546
Laxmangarh	24	27.823	75.028
Shahpur	19	16.696	76.842
Bhongir	40	17.515	78.886
Puttur	19	12.760	75.202
Ullagaram	25	12.979	80.197
Sri Dungargarh	24	28.096	74.009
Ayodhya	36	26.799	82.205
Mubarakpur	36	26.089	83.291
Amalapuram	02	16.579	82.006
Arsikere	19	13.314	76.257
Phaltan	16	17.991	74.432
Ashta	35	23.018	76.722
Sandila	36	27.070	80.515
Vikarabad	40	17.338	77.904
Baruipur	28	22.365	88.433
Choudwar	21	20.539	85.915
Shahabad	19	17.131	76.944
Sultanganj	34	25.238	86.736
Mandi Dabwali	10	29.966	74.700
Konch	36	25.995	79.151
Baprola	07	28.641	77.014
Venkatagiri	02	13.960	79.580
Dabhel	52	20.410	72.883
Biswan	36	27.496	80.996
Kosi	36	27.794	77.437
Siruguppa	19	15.630	76.892
Sironj	35	24.103	77.691
Jangaon	40	17.726	79.152
Daudnagar	34	25.035	84.401
Dandeli	19	15.267	74.617
Ramapuram	25	13.032	80.182
Mudhol	19	16.334	75.283
Thodupuzha	13	9.894	76.722
Devakottai	25	9.947	78.823
Arwal	34	25.243	84.666
Kaliyaganj	28	25.634	88.327
Nasirabad	24	26.305	74.734
Khagaul	34	25.579	85.046
Changanacheri	13	9.442	76.536
Shorapur	19	16.521	76.757
Mandvi	09	22.833	69.352
Rajgangpur	21	22.200	84.583
Ozar	16	20.095	73.928
Peranampattu	25	12.934	78.719
Gumla	38	23.043	84.544
Ramnagar	39	29.392	79.128
Vazhakkala	13	10.012	76.326
Shujalpur	35	23.407	76.710
Tirumangalam	25	9.823	77.984
Sidlaghatta	19	13.389	77.864
Khurai	35	24.044	78.330
Hilsa	34	25.316	85.282
Rampura Phul	23	30.276	75.243
Fatwa	34	25.510	85.305
Tundla	36	27.215	78.237
Mannarakkat	13	10.992	76.464
Metpalle	40	18.847	78.626
Naya Gaon	23	30.775	76.793
Repalle	02	16.018	80.830
Hunsur	19	12.304	76.293
Nanjangud	19	12.118	76.684
Forbesganj	34	26.303	87.266
Nithari	07	28.705	77.053
Sunabeda	21	18.728	82.829
Gajraula	36	28.846	78.240
Virapandi	25	11.062	77.351
Dahanu	16	19.968	72.713
Rasipuram	25	11.460	78.186
Salur	02	18.517	83.205
Bhabhua	34	25.040	83.607
Hodal	10	27.892	77.367
Bhadrachalam	40	17.668	80.889
Aonla	36	28.274	79.165
Tirupparangunram	25	9.882	78.073
Chatra	38	24.206	84.871
Khagaria	34	25.502	86.467
Dhampur	36	29.309	78.511
Phalodi	24	27.131	72.368
Gangakher	16	18.970	76.749
Sardhana	36	29.146	77.614
Nohar	24	29.183	74.771
Yeola	16	20.042	74.489
Bhaisa	40	19.113	77.963
Perintalmanna	13	10.977	76.225
Jugsalai	38	22.777	86.184
Perambalur	25	11.233	78.883
Baduria	28	22.744	88.787
Gudalur	25	11.521	76.481
Kizhake Chalakudi	13	10.301	76.338
Narkatiaganj	34	27.104	84.462
Peddapuram	02	17.077	82.138
Majalgaon	16	19.155	76.210
Daund	16	18.465	74.584
Kapadvanj	09	23.023	73.071
Kotputli	24	27.702	76.199
Dyane	16	20.567	74.528
Bail-Hongal	19	15.814	74.859
Biaora	35	23.921	76.911
Naugachhia	34	25.388	87.099
Kanuru	02	16.499	80.691
Dehu Road	16	18.682	73.732
Piparia	35	22.757	78.355
Barpeta	03	26.323	91.006
Gooty	02	15.118	77.638
Tamluk	28	22.301	87.926
Vengara	13	11.051	75.978
Jaisingpur	16	16.776	74.554
Nangal	23	31.390	76.376
Jasdan	09	22.037	71.208
Godda	38	24.827	87.213
Bikramganj	34	25.211	84.255
Morar	35	26.226	78.225
Jhajjar	10	28.606	76.656
Ramnagar	34	27.164	84.323
Nihtaur	36	29.324	78.387
Mahnar Bazar	34	25.610	85.481
Vite	16	17.273	74.538
Gumia	38	23.797	85.825
Anakaputhur	25	12.983	80.126
Tanalur	13	10.952	75.910
Bhinmal	24	24.999	72.271
Sadasivpet	40	17.619	77.953
Bakhtiarpur	34	25.456	85.533
Jalandhar Cantonment	23	31.294	75.620
Athani	19	16.726	75.064
Warud	16	21.471	78.270
Wankaner	09	22.612	70.944
Churachandpur	17	24.334	93.670
Dungarpur	24	23.843	73.715
Chhaya	09	21.629	69.634
Dumka	38	24.268	87.249
Gadarwara	35	22.924	78.785
Pithoragarh	39	29.583	80.209
Ballia	34	25.421	86.314
Bihta	34	25.559	84.871
Atrauli	36	28.030	78.286
Walajapet	25	12.925	79.366
Koraput	21	18.812	82.710
Umarkhed	16	19.601	77.689
Gudalur	25	9.678	77.250
Kunnamangalam	13	11.305	75.878
Valasaravakkam	25	13.044	80.173
Alangad	13	10.102	76.291
Alengad	13	10.119	76.302
Jodhpur	09	21.902	70.033
Punalur	13	9.020	76.923
Vikramasingapuram	25	8.715	77.390
Vattiyurkavu	13	8.525	76.989
Padrauna	36	26.904	83.981
Ambah	35	26.704	78.227
Komalapuram	13	9.542	76.342
Mattanur	13	11.930	75.572
Harpanahalli	19	14.788	75.989
Kendraparha	21	20.502	86.422
Tighri	07	28.512	77.241
Pallikal	13	11.137	75.926
Selu	16	19.455	76.441
Medak	40	18.045	78.261
Patancheru	40	17.533	78.264
Chhatarpur	07	28.498	77.183
Dondaicha	16	21.324	74.568
Jamner	16	20.809	75.778
Burla	21	21.510	83.873
Porur	25	13.036	80.158
Nellikkuppam	25	11.776	79.670
Padra	09	22.240	73.085
Kawardha	37	22.009	81.231
Gulaothi	36	28.589	77.793
Joda	21	22.017	85.422
Seohara	36	29.209	78.588
Warora	16	20.229	79.003
Manvi	19	15.991	77.050
Kurseong	28	26.883	88.277
Manglaur	39	29.791	77.878
Nilambur	13	11.273	76.226
Ganj Dundwara	36	27.733	78.941
Nanpara	36	27.865	81.500
Khordha	21	20.183	85.616
Atarra	36	25.286	80.572
Barbigha	34	25.217	85.733
Merta	24	26.649	74.034
Jammalamadugu	02	14.847	78.383
Garhwa	38	24.160	83.808
Nawanshahr	23	31.125	76.116
Ranavav	09	21.687	69.745
Banka	34	24.881	86.923
Thoubal	17	24.639	93.996
Mahmudabad	36	27.292	81.118
Milavittan	25	8.819	78.091
Pakur	38	24.639	87.842
Cherthala	13	9.684	76.336
Nayudupet	02	13.907	79.895
Farrukhnagar	40	17.078	78.203
Rampura	23	30.256	75.241
Chirakkal	13	11.913	75.361
Chirkunda	38	23.748	86.788
Coonoor	25	11.350	76.794
Pandhurna	35	21.596	78.526
Shertallai	13	9.686	76.340
Kodur	13	11.015	76.070
Giddarbaha	23	30.200	74.666
Meddappakkam	25	12.917	80.194
Nandikotkur	02	15.857	78.266
Khalilabad	36	26.773	83.072
Chittaranjan	28	23.857	86.903
Pathardih	38	23.666	86.432
Champa	37	22.035	82.642
Mehkar	16	20.151	76.568
Dhanpuri	35	23.185	81.555
Sundergarh	21	22.117	84.033
Dig	24	27.472	77.326
Tumsar	16	21.383	79.733
Rameswaram	25	9.289	79.313
Bangarapet	19	12.991	78.178
Tanda	36	28.976	78.942
Visharam	25	12.918	79.278
Thiruthani	25	13.176	79.616
Digras	16	20.104	77.718
Maradu	13	9.937	76.324
Bandikui	24	27.051	76.573
Dowleswaram	02	16.948	81.780
Balapur	16	20.666	76.774
Tondalam	25	11.501	76.350
Jawaharnagar	40	17.510	78.566
Homnabad	19	17.771	77.125
Memari	28	23.176	88.097
Nandura	16	20.834	76.459
Kottangara	13	8.924	76.647
Angul	21	20.841	85.102
Kottakkal	13	11.001	76.006
Libaspur	07	28.751	77.146
Dalli Rajhara	37	20.586	81.075
Kalpi	36	26.117	79.733
Jintur	16	19.612	76.687
Daman	52	20.414	72.832
Ramnagar	36	25.269	83.030
Anekal	19	12.711	77.696
Akkarampalle	02	13.650	79.420
Nidadavole	02	16.906	81.672
Raisen	35	23.330	77.781
Guduvancheri	25	12.845	80.061
Varangaon	16	21.018	75.910
Sihora	35	23.487	80.104
Chidawa	24	28.239	75.640
Ahmadpur	16	18.706	76.937
Olavanna	13	11.218	75.832
Gobardanga	28	22.877	88.755
Melmadai	25	9.926	78.150
Saint Thomas Mount	25	13.003	80.196
Yellandu	40	17.591	80.321
Haflong	03	25.165	93.017
Polavaram	02	17.248	81.644
Kanuru	02	16.286	81.255
Bodupal	40	17.419	78.584
Ramachandrapuram	02	16.836	82.029
Panachikkad	13	9.530	76.541
Shoranur	13	10.762	76.271
Pallikaranai	25	12.938	80.215
Kandhla	36	29.321	77.271
Barwala	10	29.367	75.908
Nilithi	07	28.652	77.056
Jambusar	09	22.052	72.801
Varkala	13	8.733	76.717
Katol	16	21.274	78.586
Kopali	38	22.837	86.192
Sainthia	28	23.948	87.680
Choornikkara	13	10.088	76.341
Perungudi	25	12.961	80.241
Kamal Pur Majra Burari	07	28.747	77.193
Jiwanpur	36	28.714	77.285
Barhiya	34	25.288	86.021
Sojat	24	25.925	73.666
Kalimpong	28	27.035	88.631
Periyakulam	25	10.123	77.544
Simdega	38	22.615	84.502
Bishrampur	38	24.253	83.925
Kottuvalli	13	10.111	76.246
Bairagnia	34	26.741	85.273
Diglipur	01	13.267	93.000
Panipat Taraf Ansar	10	29.412	76.955
Ranjangaon S	16	19.844	75.215
Kakkodi	13	11.320	75.801
Mahbubabad	40	17.597	80.002
Perumbaikad	13	9.618	76.531
Arvi	16	20.996	78.229
Parasia	35	22.191	78.759
Sivaganga	25	9.847	78.484
Limbdi	09	22.565	71.811
Chavara	13	8.967	76.542
Dahegam	09	23.169	72.822
Shahabad	10	30.168	76.870
Jaspur	39	29.279	78.828
Than	09	22.574	71.199
Baola	09	22.828	72.364
Khekra	36	28.866	77.284
Bhupalpally	40	18.429	79.864
Dinhata	28	26.135	89.461
Aland	19	17.564	76.569
Kumbalangy	13	9.880	76.284
Naini Tal	39	29.397	79.447
Idar	09	23.841	73.001
Chinnamanur	25	9.840	77.381
Bhawani Mandi	35	24.416	75.836
Kyathampalle	40	19.668	78.529
Sikandra Rao	36	27.689	78.380
Palladam	25	10.992	77.286
Razam	02	18.449	83.660
Jajpur	21	20.849	86.337
Jora	35	26.342	77.809
Canning	28	22.314	88.665
Khairabad	36	27.527	80.755
Pratapgarh	24	24.032	74.782
Dhaka	34	26.675	85.167
Kannad	16	20.257	75.138
Nathdwara	24	24.938	73.824
Abdu Rahiman Nagar	13	11.070	75.939
Golaghat	03	26.512	93.960
Kekri	24	25.971	75.150
Barauli	34	26.381	84.586
Mahe	13	11.702	75.535
Diamond Harbour	28	22.193	88.190
Surampatti	25	11.327	77.711
Baghpat	36	28.945	77.219
Bar Bigha	34	25.219	85.733
Narayanpet	40	16.748	77.495
Khambhaliya	09	22.207	69.650
Bilara	24	26.181	73.706
Trikonavattam	13	8.890	76.666
Rajgir	34	25.028	85.421
Kudappanakkunnu	13	8.551	76.961
Paithan	16	19.475	75.386
Kodinar	09	20.794	70.702
Pileru	02	13.656	78.939
Pirayiri	13	10.765	76.632
Ramganj Mandi	24	24.646	75.943
Vaijapur	16	19.927	74.728
Kannamangalam	13	11.075	75.985
Saundatti	19	15.766	75.118
Jaggayyapeta	02	16.894	80.098
Peddapalli	40	18.614	79.374
Dhupgari	28	26.589	89.007
Triprangod	13	10.842	75.949
Chakan	16	18.761	73.864
Bharthana	36	26.752	79.222
Patti	23	31.281	74.858
Jalarpet	25	12.570	78.573
Vadgaon	16	20.376	78.113
Talcher	21	20.949	85.234
Thottada	13	11.839	75.421
Kalliyoor	13	8.431	77.013
Arantangi	25	10.172	78.991
Athiyannur	13	8.393	77.064
Icchannur	13	11.361	75.778
Sherghati	34	24.559	84.792
Bhadra	24	29.103	75.171
Jhajha	34	24.771	86.379
Ghatsila	38	22.585	86.477
Dharmanagar	26	24.367	92.167
Kayalpattinam	25	8.571	78.120
Nowgong	35	25.061	79.441
Savanur	19	14.973	75.337
Naila	37	22.021	82.567
Nannambra	13	10.992	75.908
Manapparai	25	10.608	78.426
Boyampalaiyam	25	11.149	77.354
Kallakkurichchi	25	11.740	78.959
Kulathummal	13	8.507	77.081
Ettumanur	13	9.669	76.559
Ghatampur	36	26.153	80.168
Channarayapatna	19	12.906	76.388
Akividu	02	16.582	81.381
Kovvur	02	17.016	81.729
Vellakkovil	25	10.946	77.712
Bhalki	19	18.043	77.206
Sabalgarh	35	26.249	77.408
Kattipparutti	13	10.874	76.053
Murtajapur	16	20.733	77.367
Peringathur	13	11.714	75.586
Solan	11	30.909	77.109
Nadapuram	13	11.685	75.655
Gursahaiganj	36	27.115	79.732
Maihar	35	24.266	80.761
Bantval	19	12.890	75.035
Pallipalayam	25	11.365	77.762
Mapusa	33	15.592	73.809
Taki	28	22.589	88.933
Akalkot	16	17.525	76.206
Maner	34	25.646	84.873
Malur	19	13.003	77.938
Bakhri	34	25.599	86.261
Mayyanad	13	8.837	76.645
Mappilaiurani	25	8.836	78.135
Melur	25	10.032	78.339
Hasimara	28	26.747	89.354
Sathupalli	40	17.250	80.869
Puranpur	36	28.513	80.148
Akluj	16	17.892	75.021
Bansi	36	27.177	82.934
Bilaspur	36	28.887	79.270
Vadavalli	25	11.025	76.897
Thakurdwara	36	29.192	78.861
Amudalavalasa	02	18.410	83.903
Vyara	09	21.111	73.394
Bhavani	25	11.446	77.682
Samalkha	10	29.236	77.013
Lakkanahalli	25	12.112	78.154
Porsa	35	26.674	78.371
Kadungalur	13	10.095	76.321
Kalappatti	25	11.079	77.037
Anandpur	21	21.214	86.125
Chaklasi	09	22.653	72.945
Radhanpur	09	23.832	71.605
Murshidabad	28	24.184	88.272
Manakunnam	13	9.886	76.373
Bhachau	09	23.299	70.343
Jalalabad	23	30.606	74.257
Kurinjippadi	25	11.550	79.591
Sedam	19	17.179	77.290
Vadasinor	09	22.957	73.335
Kampli	19	15.406	76.600
Karo	38	23.785	85.978
Tirkadavur	13	8.924	76.591
Jogbani	34	26.399	87.265
Mukondapalli	25	12.751	77.802
Sirohi	24	24.888	72.848
Aroor	13	9.869	76.305
Othukkungal	13	11.028	76.029
Ghosi	36	26.106	83.539
Sumerpur	24	25.154	73.082
Pehowa	10	29.979	76.582
Karakkad	13	10.588	76.039
Nurpur	36	29.150	78.408
Revelganj	34	25.790	84.636
Betamcherla	02	15.451	78.148
Belpahar	21	21.822	83.846
Chika	10	30.049	76.343
Paravur Tekkumbhagam	13	8.795	76.668
Tuvagudi	25	10.747	78.821
Dwarka	09	22.239	68.968
Kotamangalam	13	10.064	76.628
Katpadi	25	12.970	79.146
Rangat	01	12.506	92.915
Sagauli	34	26.764	84.743
Rahuri	16	19.391	74.650
Sanawad	35	22.174	76.070
Kondapalle	02	16.620	80.542
Vetapalem	02	15.785	80.307
Sangaria	24	29.799	74.467
Jalesar	36	27.473	78.303
Nattakam	13	9.545	76.514
Palia Kalan	36	28.432	80.581
Bayana	24	26.908	77.290
Rajula	09	21.039	71.443
Bodh Gaya	34	24.698	84.987
Keru	24	26.192	73.044
Kollancode	25	8.289	77.108
Kilakarai	25	9.232	78.785
Kumhari	37	21.267	81.517
Chikodi	19	16.429	74.586
Khairtal	24	27.804	76.639
Pathanamthitta	13	9.267	76.783
Chorod	13	11.628	75.591
Nandigama	02	16.772	80.286
Indi	19	17.177	75.953
Kondli	07	28.612	77.327
Nildoh	16	21.111	78.989
Kabnur	16	16.702	74.440
Malavalli	19	12.386	77.060
Suluru	02	13.700	80.017
Kaman	24	27.658	77.269
Chetwayi	13	10.529	76.048
Nongthymmai	18	25.564	91.906
Shahbazpur	34	26.305	87.289
Wadi	19	17.052	76.990
Tirupati NMA	02	13.632	79.486
Gauribidanur	19	13.611	77.517
Tasgaon	16	17.037	74.602
Agar	35	23.712	76.016
Rajakilpakkam	25	12.919	80.170
Gharonda Neemka Bangar	07	28.616	77.288
Dibai	36	28.208	78.262
Robertsganj	36	24.689	83.068
Pen	16	18.737	73.096
Tarikere	19	13.710	75.814
Maudaha	36	25.683	80.114
Gharaunda	10	29.537	76.971
Sathyamangalam	25	11.505	77.238
Cheyyar	25	12.661	79.543
Sonepur	34	25.696	85.167
Niwai	24	26.361	75.918
Gogri Jamalpur	34	25.411	86.659
Bilasipara	03	26.233	90.234
Nangli Sakrawat	07	28.622	76.992
Satana	16	20.595	74.203
Rawatbhata	24	24.930	75.592
Ellenabad	10	29.453	74.661
Wanadongri	16	21.094	78.973
Parola	16	20.881	75.119
Pathri	16	19.259	76.434
Bopal	09	23.033	72.467
Chettipalaiyam	25	11.167	77.335
Talattala	13	8.874	76.672
Jhalrapatan	24	24.542	76.172
Zira	23	30.969	74.991
Leh	41	34.165	77.584
Kanker	37	20.272	81.492
Sarangpur	35	23.567	76.473
Sandur	19	15.086	76.547
Bangarmau	36	26.891	80.211
Kanigiri U	02	15.406	79.507
Jaito	23	30.451	74.892
Dongargarh	37	21.189	80.755
Phulbani	21	20.481	84.231
Malayinkeezhu	13	8.490	77.037
Attingal	13	8.696	76.815
Perunkalattu	25	12.918	80.082
Morsi	16	21.340	78.013
Pilibangan	24	29.450	74.101
Nelamangala	19	13.100	77.394
Sindgi	19	16.919	76.234
Vettur	13	8.717	76.726
Bhadgaon	16	20.669	75.229
Ratia	10	29.690	75.577
Sirur	16	18.828	74.375
Ashta	16	16.949	74.409
Lalganj	34	25.869	85.174
Tinnanur	25	13.114	80.027
Bandipura	12	34.417	74.643
Babarpur	07	28.687	77.286
Pujali	28	22.468	88.145
Garhmuktesar	36	28.787	78.102
Bahadurganj	34	26.262	87.824
Nakodar	23	31.126	75.475
Lunavada	09	23.128	73.610
Vazhayur	13	11.217	75.900
Hojai	03	26.003	92.856
Akbarpur	36	26.430	82.534
Pipar	24	26.384	73.544
Lanka	03	25.929	92.949
Tuensang	20	26.267	94.824
Vuyyuru	02	16.363	80.844
Lakshmeshwar	19	15.127	75.469
Kumta	19	14.429	74.419
Yaval	16	21.168	75.698
Tilda Newra	37	21.553	81.802
Kattivakkam	25	13.217	80.317
Peringottupulam	13	11.027	76.099
Sohna	10	28.247	77.065
Patamundai	21	20.578	86.561
Kodaikanal	25	10.239	77.489
Ichchapuram	02	19.114	84.687
Daryapur	16	20.925	77.326
Chunar	36	25.128	82.882
Aminpur	40	17.524	78.323
Mungeli	37	22.066	81.685
Barnagar	35	23.049	75.378
Purna	16	19.182	77.026
Khunti	38	23.076	85.278
Nargund	19	15.723	75.387
Parappur	13	11.012	75.995
Neem ka Thana	24	27.740	75.787
Vilappil	13	8.522	77.040
Nilanga	16	18.117	76.753
Naharlagun	30	27.105	93.695
Boisar	16	19.804	72.756
Ausa	16	18.247	76.499
Sadabad	36	27.438	78.038
Bindki	36	26.036	80.576
Mahalingpur	19	16.389	75.109
Ravu	35	22.637	75.815
Malpura	24	26.284	75.365
Bramhapuri	16	20.611	79.861
Wai	16	17.953	73.891
Shikaripura	19	14.270	75.356
Shirdi	16	19.766	74.477
Neduva	13	11.057	75.867
Venganoor	13	8.396	77.003
Ramanattukara	13	11.178	75.869
Mokokchung	20	26.325	94.518
Pinjaur	10	30.799	76.918
Madayi	22	12.034	75.238
Partur	16	19.599	76.215
Dindarpur	07	28.598	76.992
Talakkad	13	10.885	75.931
Krishnarajasagara	19	12.440	76.383
Jhabua	35	22.768	74.591
Madipakkam	25	12.962	80.199
Karala	07	28.735	77.035
Gariadhar	09	21.539	71.577
Kakrala	36	27.893	79.195
Bidasar	24	27.836	74.318
Lahar	35	26.194	78.941
Ambasamudram	25	8.711	77.452
Islampur	34	25.141	85.206
Kaipamangalam	13	10.335	76.139
Medchal	40	17.630	78.481
Ganaur	10	29.130	77.018
Sholinganallur	25	12.890	80.231
Kovur	02	14.501	79.985
Tuljapur	16	18.008	76.070
Barpeta Road	03	26.503	90.969
Uravakonda	02	14.943	77.255
Babina	36	25.239	78.470
Rafiganj	34	24.818	84.634
Umarga	16	17.838	76.623
Igatpuri	16	19.695	73.563
Perumanna	13	11.253	75.891
Budhana	36	29.288	77.475
Lingsugur	19	16.159	76.522
Rajpipla	09	21.867	73.500
Dharangaon	16	21.012	75.274
Mahemdavad	09	22.824	72.756
Karamsad	09	22.542	72.904
Surandai	25	8.976	77.419
Manali	25	13.167	80.267
Waris Aliganj	34	25.017	85.640
Pulgaon	16	20.722	78.321
Usilampatti	25	9.969	77.786
Puzhathi	13	11.901	75.389
Perunad	13	8.949	76.643
Karamadai	25	11.241	76.960
Giddalur	02	15.374	78.926
Atmakur	02	15.881	78.587
Pappinissheri	13	11.957	75.340
Vijapur	09	23.562	72.748
Rawatsar	24	29.267	74.403
Dubrajpur	28	23.790	87.376
Karumattampatti	25	11.109	77.182
Jalalabad	36	27.726	79.655
Marancheri	13	10.741	75.971
Podaturpet	25	13.282	79.485
Shahabad	36	28.567	79.010
Peruvallur	13	11.105	75.933
Rairangpur	21	22.267	86.174
Sirkazhi	25	11.237	79.736
Kichha	39	28.912	79.520
Vijayapura	19	13.297	77.802
Hebbagodi	19	12.826	77.681
Chemancheri	13	11.405	75.724
Erattupetta	13	9.687	76.779
Ramdurg	19	15.946	75.298
Jamadoba	38	23.717	86.400
Safidon	10	29.406	76.670
Bolarum	40	17.556	78.348
Bareli	35	23.004	78.230
Eramala	13	11.686	75.591
Shikarpur	36	28.281	78.014
Sankeshwar	19	16.256	74.482
Karjat	16	18.911	73.324
Bakhtiyarpur	34	25.462	85.532
Bagasra	09	21.487	70.955
Villiappally	13	11.625	75.629
Aymanam	13	9.607	76.501
Angamali	13	10.191	76.388
Villianur	22	11.914	79.756
Manipal	19	13.350	74.783
Lalsot	24	26.560	76.329
Mehidpur	35	23.489	75.658
Soyagaon	16	20.552	74.507
Sangola	16	17.439	75.194
Vedaraniyam	25	10.372	79.851
Kuruvattur	13	11.336	75.835
Muddebihal	19	16.338	76.132
Navapur	16	21.162	73.794
Khachrod	35	23.423	75.282
Yanamalakuduru	02	16.485	80.667
Malajkhand	35	22.052	80.716
Vapi INA	09	20.360	72.931
Kunigal	19	13.023	77.025
Kadur	19	13.553	76.012
Chelambra	13	11.151	75.872
Hamirpur	36	25.955	80.148
Kokrajhar	03	26.401	90.273
Risod	16	19.977	76.788
Kalka	11	30.840	76.941
Nawabganj	36	28.541	79.635
Kagal	16	16.577	74.315
Parassala	25	8.339	77.154
Titlagarh	21	20.290	83.152
Begamganj	35	23.599	78.341
Nagalapuram	02	13.388	79.796
Jamkhed	16	18.735	75.313
Fatehpur	36	27.173	81.211
Elampalloor	13	8.956	76.674
Jayamkondacholapuram	25	11.213	79.364
Tudiyalur	25	11.082	76.945
Alankod	13	10.746	76.035
Shahpura	24	27.391	75.960
Elayavur	13	11.889	75.412
Guledagudda	19	16.050	75.790
Iramallur	13	10.062	76.572
Piro	34	25.332	84.405
Guskhara	28	23.493	87.735
Umreth	09	22.699	73.116
Narsipatnam	02	17.667	82.612
Bahjoi	36	28.395	78.627
Dharmabad	16	18.891	77.849
Chockli	13	11.727	75.555
Vemalwada	40	18.465	78.869
Colgong	34	25.263	87.233
Basudebpur	21	21.120	86.729
Rajakhera	24	26.898	78.171
Hailakandi	03	24.684	92.561
Jagatsinghapur	21	20.256	86.171
Gevrai	16	19.264	75.750
Madikeri	19	12.426	75.738
Kopaganj	36	26.019	83.566
Thana Bhawan	36	29.586	77.418
Pundri	10	29.761	76.560
Vagholi	16	18.582	73.983
Birmitrapur	21	22.400	84.767
Chaksu	24	26.605	75.948
Darsi	02	15.770	79.679
Zaidpur	36	26.831	81.329
Remuna	21	21.528	86.872
Puthenvelikara	13	10.185	76.245
Amli	52	20.283	73.017
Anupgarh	24	29.191	73.209
Salaya	09	22.310	69.604
Idangansalai	25	11.627	77.989
Kosamba	09	21.462	72.958
Basavana Bagevadi	19	16.573	75.973
Muhammadabad	36	25.619	83.756
Lakhyabad	28	23.667	86.667
Aya Nagar	07	28.472	77.133
Umaria	35	23.525	80.837
Chanderi	35	24.713	78.138
Ajanur	13	12.336	75.093
Manendragarh	37	23.213	82.202
Ramgarh	24	28.171	74.980
Bhadasar	24	28.315	74.290
Srvanampatti	25	11.076	77.004
Bhokar	16	19.219	77.670
Patratu	38	23.665	85.304
Sanchor	24	24.754	71.773
Kurumbapet	22	11.940	79.771
Kaimganj	36	27.554	79.335
Bamaur	35	26.339	78.101
Janjgir	37	22.009	82.578
Egra	28	21.899	87.538
Bihariganj	34	25.734	86.988
Mushabani	38	22.511	86.457
Udaipur	26	23.533	91.483
Dighwara	34	25.744	85.010
Ngur	31	23.538	93.373
Garhakota	35	23.779	79.143
Vengola Kizhakkumbagam	13	10.064	76.476
Mamun	23	32.282	75.698
Nanjikkottai	25	10.729	79.142
Bijuri	35	23.252	82.117
Ghugus	16	19.938	79.112
Taranagar	24	28.669	75.032
Nepanagar	35	21.454	76.393
Badepalli	40	16.755	78.144
Nautanwa	36	27.428	83.418
Pirzadaguda	40	17.395	78.590
Hisua	34	24.834	85.417
Shamshabad	40	17.252	78.418
Vallabh Vidyanagar	09	22.533	72.900
Erraguntla	02	14.639	78.540
Edappal	13	10.783	76.008
Manuguru	40	17.930	80.827
Soro	21	21.279	86.688
Ulliyeri	13	11.452	75.767
Saoner	16	21.385	78.922
Muttayyapuram	25	8.750	78.131
Manwath	16	19.301	76.497
Dhandhuka	09	22.382	71.987
Jujuvadi	25	12.768	77.792
Hatta	35	24.134	79.601
Jagdispur	34	25.468	84.419
Almora	39	29.597	79.659
Thuraiyur	25	11.148	78.599
Saknepalli	40	18.929	79.457
Anta	24	25.150	76.300
Gajendragarh	19	15.736	75.970
Narsinghgarh	35	23.708	77.093
Kalyandurg	02	14.545	77.106
Chittur	13	10.700	76.747
Madhapar	09	23.238	69.699
Chhabra	24	24.665	76.844
Manamadurai	25	9.673	78.471
Tiruchchendur	25	8.497	78.119
Bisauli	36	28.308	78.937
Kangayam	25	11.006	77.561
Mannanchori	13	9.572	76.352
Kakching	17	24.498	93.981
Turaiyur	25	11.150	78.599
Bijaynagar	24	25.930	74.649
Ferokh	13	11.180	75.841
Dhamnod	35	22.209	75.471
Jora Khurd	35	26.489	77.976
Pavugada	19	14.100	77.280
Thenhippalam	13	11.132	75.882
Halvad	09	23.015	71.180
Meerpet	40	17.321	78.530
Zamania	36	25.420	83.558
Bhatkal	19	13.985	74.555
Malkapur	16	17.262	74.176
Makhdumpur	34	25.066	84.972
Shafi Pur Ranhola	07	28.657	77.040
Jaridih	38	23.766	85.939
Rasra	36	25.858	83.855
Sadpalli	40	17.210	80.836
Sattur	25	9.356	77.925
Maur	23	30.083	75.250
Chhota Gobindpur	38	22.746	86.259
Sasvad	16	18.344	74.031
Vilavoorkkal	13	8.481	77.022
Kotma	35	23.204	81.979
Kottaikuppam	25	11.961	79.839
Khaira	16	19.787	72.762
Talikota	19	16.473	76.311
Puzhal	25	13.165	80.204
Kalpatta	13	11.609	76.083
Ambad	16	19.613	75.789
Rahatgarh	35	23.790	78.395
Sijua	38	23.776	86.330
Vandavasi	25	12.504	79.606
Tirumuruganpundi	25	11.165	77.308
Thanneermukkom	13	9.663	76.381
Parur	13	10.148	76.230
Gomoh	38	23.874	86.152
Elur	13	10.067	76.283
Chemmumiahpet	02	14.463	78.812
Jalalpur	36	26.312	82.739
Kharagpur	34	25.124	86.556
Sri Madhopur	24	27.466	75.597
Lumding Railway Colony	03	25.749	93.170
Ahmedgarh	23	30.677	75.826
Chitapur	19	17.124	77.082
Jhanjharpur	34	26.265	86.280
Naspur	40	18.846	79.462
Singanallur	25	10.999	77.032
Unchagao	16	16.697	74.273
Bagru	24	26.811	75.547
Cheriyamundam	13	10.948	75.956
Allapuram	25	12.895	79.128
Ramapuram	02	13.101	79.184
Rosera	34	25.755	86.032
Podili	02	15.606	79.615
Shrigonda	16	18.615	74.699
Kalliyassheri	13	11.975	75.365
Kannanendal	25	9.965	78.142
Pandharkawada	16	20.021	78.546
Mankachar	18	25.533	89.864
Katirur	13	11.785	75.530
Erandol	16	20.922	75.326
Adirampattinam	25	10.341	79.379
Kurali	23	30.834	76.577
Jagdishpur	36	26.750	80.545
Ponneri	25	13.339	80.195
Shamsabad	36	27.017	78.124
Malakanagiri	21	18.364	81.888
Deolali	16	19.474	74.621
Mangrul Pir	16	20.314	77.342
Narsampet	40	17.928	79.892
Berasia	35	23.631	77.434
Badami	19	15.915	75.677
Pasan	37	22.844	82.198
Pamban	25	9.279	79.211
Banda	35	24.045	78.961
Kalakkadu	25	8.514	77.549
Kondagaon	37	19.591	81.664
Puthuppariyaram	13	10.813	76.629
Vilangudi	25	9.946	78.094
Rudarpur	36	26.445	83.613
Sholinghur	25	13.118	79.420
Manavadar	09	21.498	70.138
Puraini	34	25.143	86.980
Deulgaon Raja	16	20.018	76.038
Dharmadam	13	11.775	75.465
Madurantakam	25	12.512	79.885
Kizhuvalam-Koonthalloor	13	8.663	76.810
Dharamsala	11	32.220	76.320
Pedana	02	16.256	81.144
Kaij	16	18.714	76.067
Kallamchavadi	25	12.953	80.131
Un	09	23.887	71.770
Vadanappally	13	10.469	76.081
Irimbiliyam	13	10.862	76.092
Mudbidri	19	13.067	74.995
Pallappatti	25	10.721	77.880
Cheranellur	13	10.054	76.290
Maharaganj	36	27.145	83.562
Nagavaram	40	17.489	78.602
Tarakeswar	28	22.886	88.014
Tifra	37	22.063	82.131
Siraspur	07	28.758	77.131
Kundapura	19	13.631	74.690
Uran	16	18.878	72.939
Kasba	34	25.856	87.538
Karjan	09	22.047	73.118
Muvattupuzha	13	9.980	76.574
Manawar	35	22.236	75.089
Pihani	36	27.620	80.203
Madukkarai	25	10.906	76.963
Amlai	35	23.198	81.581
Mansa	09	23.426	72.657
Dharuhera	10	28.206	76.797
Sarkhej	09	22.983	72.502
Banmankhi Bazar	34	25.888	87.194
Rehli	35	23.637	79.063
Udaipur	24	27.723	75.472
Taramangalam	25	11.694	77.970
Amla	35	21.925	78.128
Tirukkoyilur	25	11.966	79.203
Musiri	25	10.953	78.444
Hirakud	21	21.525	83.873
Khair	36	27.942	77.842
Rajauli	34	24.645	85.500
Kakkalapalle	02	14.642	77.567
Cherukavu	13	11.173	75.909
Seoni Malwa	35	22.450	77.466
Oddanchathiram	25	10.480	77.750
Fatehpur Sikri	36	27.094	77.660
Azhiyur	13	11.693	75.560
Byadgi	19	14.673	75.487
Birpara	28	26.704	89.145
Cherpulassery	13	10.877	76.309
Multai	35	21.775	78.258
Holenarasipura	19	12.786	76.243
Talaja	09	21.353	72.035
Marhaura	34	25.973	84.868
Kareli	35	22.915	79.064
Baddi	11	30.958	76.791
Bhongaon	36	27.255	79.181
Panakkudi	25	8.322	77.577
Gadhada	09	21.970	71.578
Pulakkod	13	11.310	75.950
Mukerian	23	31.954	75.617
Ramgarh	24	27.251	75.179
Ariyankuppam	22	11.895	79.807
Karumalur	13	10.133	76.280
Kottarakara	13	9.004	76.774
Mavoor	13	11.267	75.917
Pilani	24	28.367	75.604
Devarkonda	40	16.692	78.921
Rajgarh	35	24.008	76.733
Minad	13	8.850	76.695
Nedumbassery	13	10.156	76.402
Rajura	16	19.779	79.365
Bilari	36	28.621	78.804
Muvattupula	13	9.985	76.577
Adur	13	9.156	76.732
Walwadi	16	20.921	74.761
Puthuppally	13	9.558	76.575
Miranpur Katra	36	28.030	79.668
Raisinghnagar	24	29.536	73.449
Kidarakulam	13	8.567	76.991
Kuttuparamba	13	11.828	75.566
Arangaon	16	19.027	74.715
Pakridayal	34	26.563	85.045
Dhanera	09	24.510	72.023
Chengamanad	13	10.154	76.342
Lakheri	24	25.672	76.177
Kalavoor	13	9.570	76.328
Behror	24	27.888	76.281
Reddipalaiyam	25	13.108	80.121
Zunheboto	20	25.967	94.517
Rajaori	12	33.375	74.309
Sankagiri	25	11.476	77.866
Mharal Bk	16	19.246	73.177
Mainaguri	28	26.563	88.820
Nedumpana	13	8.908	76.693
Puttankulam	13	8.814	76.718
Nagar Karnul	40	16.482	78.325
Sagwara	24	23.680	74.020
Ibrahimpatnam	02	16.583	80.514
Vadakku Valliyur	25	8.383	77.612
Jamtara	38	23.963	86.803
Khedbrahma	09	24.030	73.046
Tirukkalikkunram	25	12.608	80.055
Talakkolattur	13	11.354	75.758
Palkonda	02	18.604	83.756
Cheruthazham	13	12.081	75.263
Dhari	09	21.329	71.026
Amballur	13	10.434	76.263
Koovappady	13	10.155	76.485
Chendamangalam	13	10.163	76.235
Jewar	36	28.122	77.557
Nawapara	37	20.972	81.859
Tarsadi	09	21.470	72.952
Ner	16	20.490	77.866
Shahpura	24	25.621	74.925
Vijayapuram	13	9.591	76.561
Husainabad	38	24.528	84.000
Udaipurwati	24	27.730	75.472
Bachhraon	36	28.927	78.235
Jandiala Guru	23	31.562	75.028
Irinjalakuda	13	10.342	76.211
Renwal	24	27.158	75.358
Kumbalam	13	9.906	76.311
Basni	24	27.172	73.645
Morigaon	03	26.249	92.348
Madhugiri	19	13.660	77.212
Urakam	13	11.051	75.988
Ariyalur	25	11.138	79.076
Islamnagar	36	28.329	78.725
Ponmana	13	9.008	76.520
Mahendragarh	10	28.269	76.153
Mudalgi	19	16.337	74.968
Nakrekal	40	17.163	79.428
Unamaucheri	25	12.861	80.107
Gorai	16	19.250	72.783
Uttamapalaiyam	25	9.807	77.327
Khandela	24	27.605	75.502
Sirsaganj	36	27.057	78.687
Chodavaram	02	17.829	82.935
Umarkot	37	19.665	82.206
Hupari	16	16.617	74.404
Suar	36	29.028	79.057
Devadurga	19	16.423	76.936
Manoharpur	24	27.298	75.950
Nahan	11	30.560	77.294
Ladwa	10	29.994	77.046
Gil	23	30.847	75.864
Gunupur	21	19.080	83.809
Avinashi	25	11.193	77.269
Kotagiri	25	11.421	76.860
Sikka	09	22.432	69.842
Panipat Taraf Rajputan	10	29.361	76.943
Kondotty	13	11.142	75.966
Desaiganj	16	20.624	79.965
Rusera	34	25.754	86.026
Maddur	19	12.583	77.043
Nongstoin	18	25.517	91.265
Raikot	23	30.650	75.600
Dinapur Cantonment	34	25.636	85.020
Jhalod	09	23.101	74.155
Karera	35	25.458	78.136
Murliganj	34	25.897	86.996
Soron	36	27.891	78.746
Mukher	16	18.706	77.368
Vandiyur	25	9.909	78.161
Alandi	16	18.678	73.899
Pattambi	13	10.800	76.184
Tekkali	02	18.606	84.235
Duliajan	03	27.360	95.318
Duliajan Oil Town	03	27.358	95.314
Karaippudur	25	11.057	77.306
Ambikapuram	13	10.794	76.653
Suryampalaiyam	25	11.404	77.712
Motipur	34	26.253	85.161
Alangulam	25	8.864	77.499
Addanki	02	15.811	79.973
Bemetara	37	21.716	81.534
Milak	36	28.610	79.170
Losal	24	27.400	74.917
Alirajpur	35	22.304	74.356
Pardi	09	20.509	72.946
Kinwat	16	19.626	78.199
Pasan	35	23.165	81.929
Lalgola	28	24.422	88.252
Utraula	36	27.319	82.419
Baikunthpur	37	23.262	82.561
Jowai	18	25.436	92.191
Ochira	13	9.135	76.512
Rapar	09	23.573	70.647
Jammu Cantonment	12	32.704	74.861
Banswada	40	18.377	77.880
Hosadurga	19	13.796	76.284
Ramanayyapeta	02	16.945	82.239
Minjur	25	13.280	80.258
Sonamukhi	28	23.305	87.413
Kukshi	35	22.207	74.758
Kansad	09	21.075	72.879
Kalavad	09	22.208	70.383
Jashpur Nagar	37	22.888	84.139
Mavelikara	13	9.259	76.556
Dhanaura	36	28.959	78.256
Jalgaon Jamod	16	21.052	76.535
Pallipuram	13	9.755	76.357
Sujanpur	23	32.316	75.607
Annigeri	19	15.425	75.433
Piravam	13	9.867	76.500
Ganderbal	12	34.226	74.775
Uliyazhathura	13	8.582	76.922
Mandi	11	31.712	76.933
Atholi	13	11.389	75.760
Shiggaon	19	14.991	75.225
Pandua	28	23.075	88.286
Punch	12	33.770	74.093
Kottaikadu	25	12.256	79.982
Hangal	19	14.765	75.125
Jhadeshwar	09	21.714	73.032
Polur	25	12.512	79.124
Sheohar	34	26.514	85.293
Perumbavoor	13	10.107	76.474
Gundlupet	19	11.810	76.690
Sachin	09	21.087	72.882
Koynanagar	16	17.400	73.767
Gotegaon	35	23.029	79.482
Kalwakurti	40	16.664	78.491
Sheoganj	24	25.139	73.068
Devanahalli	19	13.247	77.712
Aron	35	24.381	77.417
Hadagalli	19	15.020	75.932
Patran	23	29.958	76.049
Tharad	09	24.396	71.626
Panagar	35	23.285	79.995
Dasna	36	28.677	77.523
Kulittalai	25	10.935	78.413
Sulur	25	11.024	77.126
Rangia	03	26.449	91.614
Bamor Kalan	35	24.893	78.151
Umargam	09	20.197	72.750
Nalbari	03	26.439	91.440
Pallikunnu	13	11.890	75.357
Trittala	13	10.803	76.129
Vadnagar	09	23.786	72.639
Jaswantnagar	36	26.883	78.903
Afzalgarh	36	29.394	78.674
Gangapur	16	19.697	75.010
Mahna	23	30.228	74.994
Raipur	39	30.311	78.090
Mathur	25	13.171	80.248
Tehri	39	30.391	78.480
Magadi	19	12.957	77.224
Puvatuparamba	13	11.271	75.889
Baspalli	40	17.539	78.364
Mahad	16	18.083	73.417
Ezhupunna	13	9.821	76.300
Sankrail	28	22.550	88.225
Waraseoni	35	21.762	80.043
Beldanga	28	23.934	88.260
Jiladiguda	40	17.332	78.526
Sausar	35	21.656	78.797
Moothakunnam	13	10.190	76.201
Pathirappally	13	9.535	76.322
Hadgaon	16	19.496	77.659
Chandrapura	38	23.749	86.120
Rajaldesar	24	28.028	74.474
Pachor	35	23.710	76.734
Azhoor	13	8.644	76.799
Miranpur	36	29.290	77.949
Sadri	24	25.186	73.453
Kullattur	25	12.942	80.195
Balussheri	13	11.447	75.829
Kalanwali	10	29.836	74.972
Kadodara	09	21.162	72.962
Chakapara	28	22.632	88.349
Nanminda	13	11.423	75.823
Nokha	34	25.105	84.116
Kattumannarkoil	25	11.276	79.558
Andippatti	25	9.998	77.621
Kalamb	16	19.044	73.956
Arumuganeri	25	8.569	78.091
Elamanchili	02	17.549	82.857
Adichanallur	13	8.880	76.716
Laitumkhrah	18	25.571	91.898
Gulabpura	24	25.904	74.660
Pathardi	16	19.173	75.174
Kundarkhi	36	28.683	78.786
Ukhrul	17	25.120	94.364
Gadhinglaj	16	16.223	74.350
Bilgram	36	27.175	80.032
Ali	07	28.516	77.310
Jafarabad	09	20.866	71.366
Bhelai	37	22.309	82.610
Bidhuna	36	26.802	79.508
Ayakudi	25	10.450	77.552
Vettanad	13	8.606	76.942
Asandh	10	29.521	76.606
Perumpavur	13	10.115	76.476
Chanpatia	34	26.944	84.538
Afzalpur	19	17.200	76.360
Gobindpur	38	22.634	86.072
Tikkotti	13	11.483	75.617
Gingee	25	12.253	79.417
Raver	16	21.248	76.035
Bagepalli	19	13.783	77.797
Kotdwara	39	29.746	78.522
Payakaraopeta	02	17.368	82.568
Bhawanipur	34	26.454	87.027
Elamkunnapuzha	13	10.027	76.222
Ettumanoor	13	9.670	76.570
Latehar	38	23.744	84.500
Chengam	25	12.309	78.791
Rajgarh	24	27.237	76.622
Kumarapuram	13	9.271	76.433
Margherita	03	27.285	95.668
Kulasekarapuram	13	9.091	76.530
Samba	12	32.562	75.120
Pirthipur	35	25.208	78.752
Vepagunta	02	17.778	83.216
Vadipatti	25	10.085	77.961
Shenkottai	25	8.977	77.246
Edaccheri	13	11.682	75.625
Banmankhi	34	25.889	87.194
Srinivaspur	19	13.339	78.212
Palavakkam	25	12.954	80.257
Chandur	16	19.734	79.172
Indapur	16	18.300	73.250
Varappuzha	13	10.076	76.272
Kemri	36	28.807	79.205
Alattur	13	10.650	76.533
Bela	34	25.557	84.431
Krishnapuram	13	9.152	76.523
Kartarpur	23	31.443	75.498
Mamidalapadu	02	15.854	78.015
Karhal	36	27.001	78.939
Lar	36	26.204	83.969
Kudligi	19	14.905	76.385
Aliganj	36	27.494	79.171
Baloda Bazar	37	21.657	82.161
Manihari	34	25.339	87.620
Kottur	25	10.536	76.980
Faizpur	16	21.168	75.860
Manasa	35	24.478	75.141
Sankarapatti	25	10.048	78.747
Songadh	09	21.170	73.564
Pauri	39	30.153	78.777
Shahganj	36	26.050	82.684
Dhrol	09	22.567	70.418
Pallippatti	25	11.940	78.402
Barwah	35	22.254	76.039
Mauganj	35	24.667	81.873
Bablai	10	30.357	76.879
Nadbai	24	27.223	77.196
Terdal	19	16.494	75.047
Kallidaikurichi	25	8.686	77.466
Taloda	16	21.561	74.212
Murugampalaiyam	25	11.081	77.324
Mon	20	26.736	95.058
Kheri	36	27.904	80.798
Bilsi	36	28.129	78.911
Basi	23	30.588	76.845
Ayancheri	13	11.626	75.674
Anjad	35	22.042	75.055
Kotturu	19	14.824	76.220
Chinnalapatti	25	10.285	77.923
Narasannapeta	02	18.414	84.045
Ongallur-II	13	10.790	76.219
Rampur	36	29.806	77.453
Aklera	24	24.413	76.567
Mirganj	34	26.373	84.335
Kudlu	13	12.530	74.979
Tekkalakote	19	15.534	76.877
Mungaoli	35	24.408	78.096
Budhlada	23	29.928	75.562
Anuppanadi	25	9.904	78.143
Reengus	24	27.364	75.568
Sutrapara	09	20.844	70.483
Kodoli	16	17.670	74.035
Phulera	24	26.874	75.242
Renigunta	02	13.651	79.513
Basi	24	26.831	76.049
Khoni	16	19.317	73.060
Areraj	34	26.550	84.680
Muttanampalaiyam	25	11.085	77.397
Junnar	16	19.208	73.875
Mehsi	34	26.356	85.093
Edavai	13	8.764	76.688
Mangaldai	03	26.442	92.030
Naduvannur	13	11.488	75.775
Krishnarajpet	19	12.666	76.488
Tirawari	10	29.801	76.928
Mannachanallur	25	10.910	78.699
Periyanayakkanpalaiyam	25	11.153	76.952
Kalol	09	22.608	73.463
Kuttikkattur	13	11.263	75.880
Jaynagar Majilpur	28	22.175	88.420
Kailaras	35	26.305	77.616
Chipurupalle	02	18.311	83.568
Iringal	13	11.559	75.617
Jamjodhpur	09	21.902	70.036
Chumukedima	20	25.825	93.776
Thodiyoor	13	9.078	76.578
Jamul	37	21.250	81.400
Nalhati	28	24.297	87.829
Kaladi	13	10.819	76.006
Muhamma	13	9.609	76.361
Ponmundam	13	10.954	75.947
Mulamthuruthy	13	9.900	76.387
Gokarna	19	14.550	74.317
Ganguwa	10	29.113	75.696
Koregaon	16	18.646	74.059
Kandla	09	23.033	70.217
Erannoli	13	11.769	75.518
Karkala	19	13.214	74.992
Darwha	16	20.310	77.773
Chhota Udepur	09	22.304	74.016
Avanigadda	02	16.021	80.918
Mussoorie	39	30.455	78.071
Kuttippuram	13	10.842	76.031
Jaleshwar	21	21.802	87.222
Jais	36	26.265	81.549
Kallam	16	18.575	76.022
Pawayan	36	28.066	80.103
Irugur	25	11.018	77.063
Jevargi	19	17.014	76.773
Mechcheri	25	11.834	77.944
Silao	34	25.084	85.428
Khajuraho Group of Monuments	35	24.848	79.934
Silapathar	03	27.594	94.724
Dakor	09	22.753	73.150
Wadgaon	16	16.836	74.313
Deori Khas	35	23.390	79.016
Jandiala	23	31.159	75.618
Balakrishnapuram	25	10.359	78.003
Panayattur Vadakkumbhagam	13	8.955	76.618
Pasighat	30	28.066	95.327
Kheda	09	22.752	72.685
Nagar	24	27.424	77.099
Viswanatham	25	9.430	77.800
Kamalapuram	19	15.304	76.476
Poranki	02	16.478	80.708
Parangipettai	25	11.491	79.761
Andipalayam	25	11.092	77.312
Adampur	10	29.280	75.468
Kakkanad	13	10.016	76.342
Indapur	16	18.115	75.029
Talikkulam	13	10.440	76.095
Colonelganj	36	27.134	81.699
Mehndawal	36	26.976	83.110
Koelwar	34	25.581	84.798
Harur	25	12.053	78.480
Bannur	19	12.333	76.862
Mul	16	20.070	79.678
Kuttampuzha	13	10.150	76.735
Karuva	13	8.950	76.599
Doraha	23	30.800	76.024
Koothanallur	25	10.720	79.516
Khategaon	35	22.596	76.913
Nileshwar	13	12.260	75.135
Edaicode	25	8.383	77.198
Kadakkavoor	13	8.679	76.767
Haludbani	38	22.751	86.210
Chandor	16	20.331	74.245
Sundarnagar	11	31.535	76.905
Amarpur	34	25.040	86.902
Karungappalli	13	9.104	76.537
Gadkhol	09	21.644	73.012
Banganapalle	02	15.318	78.227
Anupshahr	36	28.357	78.269
Jalalabad	36	29.619	77.439
Chitaguppa	19	17.697	77.215
Babra	09	21.846	71.305
Shamsabad	36	27.537	79.438
Kithor	36	28.867	77.939
Kallur Vadakummuri	13	10.253	76.328
Machhlishahr	36	25.686	82.411
Bagha Purana	23	30.688	75.098
Bhander	35	25.736	78.746
Azhikkod	13	11.920	75.335
Uttiramerur	25	12.614	79.757
Dasuya	23	31.817	75.653
Gursarai	36	25.617	79.181
Paonta Sahib	11	30.437	77.625
Tirora	16	21.404	79.926
Rajgurunagar	16	18.867	73.900
Pottaneri Nallakavundanpatti	25	11.804	77.857
Kamaruddinnagar	07	28.677	77.054
Gauripur	03	26.083	89.961
Rania	10	29.525	74.837
Mugalivakkam	25	13.021	80.165
Thazhecode	13	11.323	75.976
Saiha	31	22.492	92.981
Chinna Salem	25	11.634	78.874
Vayalar	13	9.712	76.339
Ahraura	36	25.016	83.033
Rampachodavaram	02	17.441	81.776
Mangrol	24	25.331	76.510
Shrirangapattana	19	12.423	76.684
Kantai	34	26.214	85.297
Kharkhauda	10	28.879	76.911
Kanigiri	02	15.406	79.507
Chengannur	13	9.316	76.615
Sohagpur	35	22.701	78.195
Chandauli	36	25.258	83.268
Paramathi Velur	25	11.192	77.956
Velur	25	11.108	78.001
Naubatpur	34	25.499	84.961
Sandi	36	27.289	79.952
Kolasib	31	24.224	92.679
Marayur	13	10.276	77.162
Padam	41	33.467	76.885
Shiraguppi	16	16.619	74.709
Abu	24	24.594	72.718
Sadulshahar	24	29.909	74.176
Borawar	24	27.024	74.676
Marutharod	13	10.775	76.699
Gajwel	40	17.848	78.683
Devarshola	25	11.544	76.440
Kunda	36	25.717	81.514
Sakleshpur	19	12.941	75.785
Perundurai	25	11.276	77.588
Mundargi	19	15.207	75.884
Machhiwara	23	30.916	76.200
Nainpur	35	22.430	80.106
Tarana	35	23.334	76.043
Keirao Bitra	17	24.711	93.975
Kanth	36	29.059	78.630
Charkhari	36	25.403	79.749
Kushtagi	19	15.756	76.191
Churi	38	23.655	85.013
Vellalur	25	10.977	77.026
Sriperumbudur	25	12.968	79.942
Muthutala	13	10.835	76.160
Mahwa	24	27.046	76.932
Kandahar	16	18.873	77.192
Avilala	02	13.611	79.421
Falna	24	25.267	73.239
Ghoti Budrukh	16	19.716	73.628
Safipur	36	26.738	80.344
Brahmana Periya Agraharam	25	11.369	77.706
Thirunavaya	13	10.875	75.985
Anklesvar INA	09	21.617	73.028
Kalamnuri	16	19.674	77.311
Kabrai	36	25.403	80.000
Ilaiyankudi	25	9.625	78.624
Talwara	23	31.938	75.887
Firozpur Jhirka	10	27.789	76.945
Tijara	24	27.934	76.855
Punahana	10	27.864	77.204
Tattankuttai	25	11.435	77.724
Koregaon	16	17.699	74.163
Phillaur	23	31.019	75.791
Pakala	02	13.449	79.115
Hinjilicut	21	19.482	84.745
Damua	35	22.193	78.467
Ezhudesam	25	8.265	77.142
Andol	40	17.815	78.077
Shamgarh	35	24.188	75.639
Ratanpur	37	22.287	82.168
Kodarma	38	24.468	85.594
Keshorai Patan	24	25.293	75.939
Navalgund	19	15.559	75.353
Bholav	09	21.720	73.011
Williamnagar	18	25.495	90.617
Bijbehara	12	33.794	75.107
Gorantla	02	13.984	77.772
Dataganj	36	28.025	79.408
Tiruppuvanam	25	9.826	78.258
Beohari	35	24.024	81.378
Pantheeramkavu	13	11.231	75.852
Chharra	36	27.925	78.401
Hudkeshwar Buzurg	16	21.082	79.127
Pindwara	24	24.797	73.055
Singapur	40	17.470	78.126
Sahaspur	36	29.121	78.623
Ugrakheri	10	29.378	77.009
Kant	36	27.810	79.792
Bhokardan	16	20.258	75.770
Maheshwar	35	22.176	75.587
Thiruthuraipoondi	25	10.528	79.633
Meenambakkam	25	12.985	80.175
Chiknayakanhalli	19	13.416	76.621
Maharajgani	34	26.110	84.504
Ayanavelikulangara Vadakku	13	9.043	76.523
Kaithoon	24	25.124	75.972
Denkanikota	25	12.530	77.789
Chekkiad	13	11.717	75.642
Mayang Imphal	17	24.610	93.889
Haliyal	19	15.329	74.756
Vilankurichi	25	11.071	77.017
Rajakheri	35	23.859	78.785
Sitarganj	39	28.929	79.704
Nandgaon	16	20.307	74.655
Siuliban	38	23.749	86.785
Dharampur	09	20.537	73.174
Sikandarpur	36	26.043	84.053
Muhammadabad	36	26.034	83.381
Srisailain	02	16.072	78.868
Barki Saria	38	24.176	85.889
Loha	16	18.945	77.116
Mhaswad	16	17.634	74.788
Alot	35	23.763	75.557
Suryaraopeta	02	17.000	82.223
Aluva	13	10.108	76.352
Hastinapur	36	29.160	78.008
Chettipalaiyam	25	10.912	77.037
Someshvara	19	12.804	74.865
Pacode	25	8.335	77.214
Pappakurichchi	25	10.814	78.748
Morinda	23	30.790	76.499
Diu	52	20.714	70.982
Nabinagar	34	24.607	84.126
Dinanagar	23	32.137	75.473
Mayabandar	01	12.910	92.903
Kaikalapettai	25	13.022	80.121
Bazpur	39	29.153	79.108
Karumandi Chellipalaiyam	25	11.302	77.586
Dalsingh Sarai	34	25.668	85.836
Makronia	35	23.848	78.799
Longowal	23	30.198	75.682
Savantvadi	16	15.904	73.822
Virakeralam	25	11.008	76.913
Nasriganj	34	25.051	84.328
Padiyanallur	25	13.200	80.176
Reoti	36	25.851	84.378
Fatehganj West	36	28.466	79.307
Sadalgi	19	16.559	74.532
Nasrullahganj	35	22.684	77.271
Sarjamda	38	22.748	86.226
Narakal	13	10.038	76.222
Lalgudi	25	10.874	78.819
Ulundurpet	25	11.691	79.287
Lalganj	36	25.932	81.705
Malakpur Kohi Rangpur	07	28.540	77.121
Nivari	35	25.349	78.800
Vypin	13	9.967	76.250
Muluppilagadu	13	11.798	75.451
Alwaye	13	10.106	76.355
Tisaiyanvilai	25	8.337	77.868
Srikandamangalam	13	9.659	76.363
Kutiatodu	13	9.800	76.333
Pipri	16	20.786	78.594
Natham	25	10.228	78.230
Unnamalaikadai	25	8.300	77.241
Penugonda	02	16.654	81.746
Balod	37	20.731	81.206
Mariani	03	26.657	94.315
Qadian	23	31.822	75.377
Painkulam	25	8.260	77.174
Prantij	09	23.436	72.845
Kulgam	12	33.645	75.019
Chinnur	40	18.858	79.796
Katheru	02	17.038	81.776
Mairwa	34	26.232	84.163
Todaraisingh	24	26.024	75.482
Pokaran	24	26.920	71.916
Kumher	24	27.317	77.371
Sreekaryam	13	8.549	76.917
Panchla	28	22.537	88.138
Mudkhed	16	19.157	77.503
Shivpur Charcha	37	23.329	82.528
Jhinjhak	36	26.561	79.734
Pethapur	09	23.263	72.674
Malpe	19	13.350	74.704
Birur	19	13.597	75.972
Mandal	24	25.441	74.570
Shishgarh	36	28.729	79.315
Kuchera	24	26.987	73.971
Pattiyurgramam	13	9.177	76.501
Sevilimedu	25	12.808	79.686
Pawni	16	20.792	79.636
Manesar	10	28.353	76.940
Chhatapur	34	26.220	87.005
Tuneri	13	11.697	75.635
Urmar	23	31.681	75.635
Lonar	16	19.985	76.520
Pugalur	25	11.074	78.021
Ramtek	16	21.396	79.327
Monoharpur	28	22.108	88.079
Injambakkam	25	12.916	80.249
Mandawa	24	28.055	75.148
Maharajpur	35	25.019	79.732
Soygaon	16	20.596	75.618
Kalanaur	10	28.828	76.395
Chitrakoot Dham	36	25.215	80.916
Ron	19	15.699	75.734
Vengattur	25	13.100	79.932
Nayanakulam	25	9.961	78.137
Bewar	36	27.219	79.298
Marampilly	13	10.114	76.442
Od	09	22.621	73.117
Tapa	23	30.298	75.369
Vaikam	13	9.749	76.396
Kerkandi	25	11.368	76.746
Bissau	24	28.247	75.077
Colachel	25	8.179	77.258
Sahibganj	34	26.308	84.927
Karmala	16	18.408	75.194
Tharangambadi	25	11.028	79.854
Hinakallu	19	12.330	76.602
Thiruvankulam	13	9.947	76.367
Tiruverumbur	25	10.794	78.769
Kudachi	19	16.628	74.854
Seondha	35	26.154	78.781
Kurduvadi	16	18.093	75.416
Mattigiri	25	12.698	77.808
Lalganj	36	25.799	82.998
Polasara	21	19.694	84.814
Iroopara	13	8.607	76.915
Nakur	36	29.920	77.304
Narasingapuram	25	11.604	78.578
Palwal Rural	10	28.146	77.351
Pallikonda	25	12.905	78.943
Asifabad	40	19.359	79.284
Pipri	16	19.794	75.535
Indargarh	35	25.911	78.562
Sivagiri	25	9.345	77.429
Vadakkanandal	25	11.782	78.835
Ancharakandy	13	11.884	75.485
Trikarpur South	13	12.116	75.185
Hukeri	19	16.231	74.602
Todabhim	24	26.917	76.817
Dooru Verinag	12	33.559	75.232
Pehladpur Bangar	07	28.751	77.081
Tiruchanur	02	13.607	79.449
Kanhan	16	21.229	79.240
Gopavaram	02	14.784	78.573
Vattalkundu	25	10.161	77.759
Dhamanagar	21	20.917	86.450
Saidpur	36	25.537	83.224
Tittagudi	25	11.407	79.122
Phulpur	36	25.549	82.090
Kunnatnad	13	10.043	76.424
Jharoda Mazra Burari	07	28.730	77.209
Karanjia	21	21.763	85.973
Sangaria	24	26.189	73.026
Balarampur	28	23.097	86.223
Aramboli	25	8.250	77.522
Ubaidullahganj	35	22.998	77.586
Chitarpur	38	23.573	85.654
Naraingarh	10	30.478	77.128
Sambhar	24	26.908	75.191
Vellur	13	8.626	76.831
Fatehnagar	24	24.815	74.095
Raghunathpur	28	23.539	86.674
Pariyapuram	13	11.017	75.867
Kasrawad	35	22.127	75.611
Lathi	09	21.723	71.388
Dugda	38	23.745	86.172
Khirkiya	35	22.167	76.861
Mudgal	19	16.012	76.442
Curchorem	33	15.263	74.109
Chorwad	09	21.029	70.233
Madhira	40	16.923	80.363
Kadiganpalli	25	12.523	78.209
Akaltara	37	22.025	82.426
Etmadpur	36	27.235	78.198
Katghora	37	22.502	82.543
Lohara	16	20.390	78.090
Ponda	33	15.403	74.015
Cumbum	02	15.582	79.111
Matabhanga	28	26.342	89.216
Jaitaran	24	26.204	73.937
Taoru	10	28.212	76.950
Lehragaga	23	29.943	75.801
Jamai	35	22.196	78.592
Sholavandan	25	10.022	77.961
Nagod	35	24.569	80.588
Khairagarh	37	21.419	80.979
Kurikuppi	19	15.218	76.649
Ariyallur	13	11.083	75.849
Pukhrayan	36	26.224	79.837
Raman	23	29.950	74.979
Sirsi	36	28.639	78.643
Bankapur	19	14.923	75.262
Godoli	16	17.672	74.013
Baswa	24	27.150	76.583
Rajmahal	38	25.053	87.830
Nambol	17	24.696	93.820
Bikram	34	25.447	84.863
Tulsipur	36	27.534	82.417
Belur	19	13.166	75.865
Sanehwal	23	30.841	75.985
Sisauli	10	30.143	77.260
Kanniyakumari	25	8.090	77.538
Senapparetti	25	10.963	78.113
Naraura	36	28.201	78.387
Kailashahar	26	24.332	92.004
Triparappu	25	8.395	77.266
Deogarh	21	21.538	84.733
Ratu	38	23.420	85.215
Puthencruz	13	9.977	76.410
Kurandvad	16	16.683	74.589
Timurni	35	22.371	77.227
Pachgaon	16	16.660	74.227
Rahata	16	19.717	74.481
Pali	35	23.365	81.044
Bhawanigarh	23	30.267	76.039
Suket	24	24.646	76.042
Panniyannur	13	11.749	75.576
Adanattutekkumuri Kizhakku	13	9.079	76.514
Ankola	19	14.660	74.305
Mariahu	36	25.604	82.604
Kilapavoor	25	8.909	77.431
Ramavarappadu	02	16.521	80.681
Purwa	36	26.458	80.774
Attimarappatti	25	8.740	78.105
Dasnapur	40	19.654	78.512
Badamibagh	12	34.074	74.853
Lingiadih	37	22.077	82.176
Sahawar	36	27.796	78.834
Bhuban	21	20.882	85.833
Nilakottai	25	10.165	77.850
Sidhauli	36	27.282	80.835
Palavansathu	25	12.893	79.134
Adra	28	23.497	86.684
Muhammadabad	36	27.309	79.433
Sarapaka	40	17.691	80.870
Bhanvad	09	21.931	69.781
Someshwar	19	13.491	75.066
Narainpur	37	19.718	81.244
Namagiripettai	25	11.455	78.268
Nawa	24	27.020	75.002
Peravurani	25	10.290	79.202
Kathhara	38	23.764	85.885
Kathlal	09	22.898	72.993
Siwana	24	25.652	72.422
Deoli	24	25.757	75.380
Kizhuparamba	13	11.253	76.024
Palai	13	9.713	76.683
Chhanera	35	21.961	76.695
Marakkanam	25	12.192	79.942
Chhatrapur	21	19.356	84.984
Bhinga	36	27.703	81.934
Lauri	35	25.140	80.001
Nalambur	25	13.087	80.170
Kuppam	02	12.749	78.342
Fatehabad	36	27.026	78.303
Kil Bhuvanagiri	25	11.442	79.648
Sakti	37	22.027	82.961
Karuvanthuruthy	13	11.172	75.823
Kollivayal	25	11.500	76.482
Sancoale	33	15.378	73.904
Polichalur	25	12.989	80.142
Bhabhar	09	24.072	71.597
Nowrozabad	35	23.352	80.981
Laungowal	23	30.194	75.681
Chachaura	35	24.176	77.000
Ghulewadi	16	19.603	74.194
Chandrakona	28	22.733	87.517
Sangod	24	24.927	76.286
Kheralu	09	23.885	72.619
Farakka	28	24.817	87.900
Mulavukad	13	10.014	76.263
Mangalvedha	16	17.510	75.447
Maniyur	13	11.552	75.650
Kantabanji	21	20.467	82.920
Chalthan	09	21.154	72.961
Jainagar	34	26.590	86.138
Kopawor	12	34.529	74.264
Sakri	16	20.991	74.315
Dattapur	16	20.781	78.141
Umarsera	16	20.371	78.123
Napasar	24	27.961	73.559
Shendurjana	16	21.525	78.284
Patur	16	20.461	76.937
Digboi	03	27.393	95.618
Jirapur	35	24.021	76.376
Kalleribhagam	13	9.054	76.558
Muthupet	25	10.395	79.494
Dum Duma	03	27.569	95.557
Pampur	12	34.015	74.919
Munderi	13	11.930	75.445
Surajgarh	24	28.310	75.733
Kadayal	25	8.408	77.266
Kundli	10	28.869	77.121
Balachor	23	31.061	76.302
Pushkar	24	26.490	74.552
Doda	12	33.149	75.547
Karanpur	24	29.840	73.455
Samthar	36	25.843	78.907
Banat	36	29.464	77.355
Dhekiajuli	03	26.704	92.478
Mandalgarh	24	25.194	75.072
Barara	10	30.215	77.040
Tammampatti	25	11.441	78.489
Chamba	11	32.555	76.126
Muradabad Pahari	07	28.565	77.151
Mahadula	16	21.253	79.081
Bansdih	36	25.884	84.218
Srisailam Project RFC Township	02	16.073	78.874
Bacheli	37	18.684	81.269
Asika	21	19.611	84.660
Guruvayur	13	10.594	76.041
Lalru	23	30.492	76.799
Virugambakkam	25	13.046	80.191
Chotila	09	22.423	71.196
Vasudevanallur	25	9.242	77.412
Kuju	38	23.725	85.510
Padmanabhapuram	25	8.245	77.326
Mandawar	36	29.487	78.127
Paippad	13	9.425	76.585
Kondasamudram	25	12.946	78.879
Mahgawan	35	26.495	78.616
Bedi	09	22.501	70.044
Tekari	34	24.943	84.843
Dindori	35	22.941	81.080
Channagiri	19	14.024	75.926
Kuzhithurai	25	8.318	77.192
Kodamthuruth	13	9.801	76.302
Ghatanji	16	20.142	78.313
Naduvattam	13	10.880	76.002
Chhata	36	27.724	77.508
Sanaur	23	30.302	76.458
Reethapuram	25	8.184	77.248
Kottappally	13	11.613	75.661
Serchhip	31	23.293	92.847
Pudupattanam	25	12.509	80.150
Telhara	16	21.027	76.839
Narkher	16	21.472	78.534
Ajnala	23	31.845	74.763
Anthiyur	25	11.575	77.590
Bisalgarh	26	23.676	91.283
Dhulagari	28	22.582	88.171
Talala	09	21.055	70.529
Bundu	38	23.161	85.590
Teliamura	26	23.842	91.630
Devgadh Bariya	09	22.705	73.909
Patharia	35	23.899	79.194
Kiraoli	36	27.138	77.785
Patnagarh	21	20.708	83.133
Bhanpura	35	24.513	75.747
Perinjanam	13	10.313	76.148
Anklav	09	22.377	73.001
Abrama	09	20.859	72.906
Bagula	28	23.337	88.641
Gunnaur	36	28.240	78.440
Palakkodu	25	12.307	78.070
Sindi	16	20.742	78.587
Chelora	13	11.895	75.440
Rajpur	35	21.940	75.136
Naravarikuppam	25	13.191	80.185
Marthandam	25	8.308	77.221
Vinnamala	02	13.907	79.909
Sarauli	36	28.494	79.092
Adampur	23	31.432	75.715
Badnawar	35	23.022	75.233
Banga	23	31.189	75.995
Heli Mandi	10	28.345	76.757
Chincholi	19	17.465	77.419
Hungund	19	16.062	76.059
Thaikkattussery	13	9.771	76.344
Bangawan	35	23.193	82.127
Kapasan	24	24.889	74.317
Salamedu	25	11.909	79.492
Barpali	21	21.190	83.587
Gormi	35	26.600	78.512
Begun	24	24.983	75.000
Lawngtlai	31	22.533	92.899
Nandri	24	26.312	73.101
Dhing	03	26.468	92.473
Vadakarai Kil Pidagai	25	9.040	77.274
Clement Town	39	30.264	78.009
Sonepur	21	20.833	83.917
Kaikalur	02	16.552	81.214
Akhnur	12	32.895	74.735
Alibag	16	18.648	72.876
Kapren	24	25.405	76.074
Muthukulam	13	9.217	76.459
Bhadauni	34	24.875	85.534
Alipur	07	28.799	77.133
Achampet	40	16.398	78.638
Ghorabandha	38	22.772	86.271
Koduvayur	13	10.687	76.659
Samalapuram	25	11.072	77.198
Chakia	34	26.416	85.047
Jining	30	28.216	94.854
Bhanjanagar	21	19.927	84.582
Vadali	09	23.942	73.038
koppana Agrahara	19	12.855	77.667
Madattukkulam	25	10.559	77.366
Gurmatkal	19	16.868	77.391
Dhariwal	23	31.956	75.324
Patuvilayi	13	11.866	75.523
Dayal Pur	07	28.718	77.265
Talwandi Sabo	23	29.984	75.082
Jahazpur	24	25.620	75.276
Savda	16	21.151	75.889
Vadakakarai	13	10.166	76.202
Viratnagar	24	27.435	76.183
Belsand	34	26.444	85.401
Sampla	10	28.777	76.772
Vasind	16	19.408	73.263
Kishtwar	12	33.313	75.767
Achhnera	36	27.178	77.757
Attibele	19	12.778	77.773
Bhikkiwind Uttar	23	31.349	74.703
Chillupar	36	26.282	83.506
Tilpat	10	28.465	77.333
Bijawar	35	24.624	79.490
Nellimarla	02	18.156	83.447
Maham	10	28.969	76.295
Maniar	36	25.985	84.172
Yellapur	19	14.964	74.709
Keevallur	13	11.897	75.531
Nangli	23	31.686	74.887
Baud	21	20.838	84.326
Nimaj	24	26.150	74.001
Korochi	16	16.719	74.445
Tufanganj	28	26.317	89.665
Pataudi	10	28.325	76.779
Dharur	16	18.820	76.109
Pariyaram	13	12.059	75.325
French Rocks	19	12.501	76.674
Ahiwara	37	21.358	81.418
Bada	24	26.065	75.022
Sarwar	24	26.243	75.129
Edavilangu	13	10.240	76.171
Jhalu	36	29.336	78.226
Killannur	13	10.599	76.218
Mundra	09	22.839	69.722
Byndoor	19	13.867	74.633
Chapar	03	26.273	90.446
Kondalampatti	25	11.635	78.124
Bawani Khera	10	28.949	76.031
Basi	23	30.689	76.401
Alampalaiyam	25	11.364	77.768
Umbri	16	20.714	77.026
Wellington	25	11.366	76.784
Harij	09	23.694	71.907
Raipur Domana	12	32.798	74.783
Settur	25	9.406	77.478
Penukonda	02	14.083	77.595
Waluj Buzurg	16	19.796	75.226
Kotivakkam	25	12.970	80.258
Srinagar	39	30.222	78.783
Kataiya	34	26.568	84.083
Nirmali	34	26.314	86.585
Surajpur	37	23.213	82.868
Puliyankannu	25	12.939	79.308
Morwa	09	22.905	73.839
Pattyam	13	11.793	75.564
Kaimori	35	23.385	79.744
Mau	35	26.266	78.671
Pudussery West	13	10.788	76.728
Mau Aimma	36	25.695	81.923
Chinnavadampatti	25	11.061	76.984
Falakata	28	26.520	89.204
Suleswaranpatti	25	10.639	77.008
Dhaurahra	36	27.998	81.090
Khairagarh	36	26.944	77.818
Maksi	35	23.260	76.146
Annur	25	11.236	77.105
Pulwama	12	33.874	74.900
Sirumugai	25	11.321	77.005
Singanuram	40	18.822	79.502
Dergaon	03	26.700	93.967
Cheppad	13	9.235	76.473
Khowai	26	24.080	91.600
Govardhan	36	27.497	77.463
Saraipali	37	21.315	83.006
Paravai	25	9.965	78.067
Khalari	38	23.651	85.007
Raya	36	27.556	77.790
Pamuru	02	15.096	79.412
Powai	16	19.116	72.905
Sawar	24	25.756	75.223
Belonia	26	23.252	91.454
Takhatpur	37	22.129	81.870
Sullya	19	12.561	75.387
Bhusawar	24	27.039	77.048
Chunchupally	40	17.523	80.604
Charthawal	36	29.547	77.594
Siswa Bazar	36	27.147	83.758
Birpur	34	26.508	87.012
Kandalloor	13	9.176	76.471
Dhanaula	23	30.282	75.573
L.A.Sagaram	02	13.903	79.891
Sarigam INA	09	20.288	72.850
Kanjiramkulam	13	8.360	77.053
Anuppur	35	23.103	81.691
Moirang	17	24.497	93.778
Nattappettai	25	12.819	79.749
Bali	24	25.197	73.291
Bokajan	03	26.021	93.779
Ranikhet	39	29.641	79.432
Sirka	38	23.646	85.433
Boriavi	09	22.611	72.933
Aurad	19	18.254	77.418
Sankaraperi	25	8.839	78.105
Kulu	11	31.958	77.108
Kalinjur	25	12.953	79.134
Chetput	25	12.464	79.348
Kolavallur	13	11.751	75.620
Sonari	03	27.025	95.016
Deoranian	36	28.630	79.476
Kolaras	35	25.219	77.612
Chinna Andankovil	25	10.951	78.068
Raval	09	21.919	69.482
Chandur	16	20.814	77.980
Kannankurichchi	25	11.697	78.179
Kattanam	13	9.176	76.563
Ghatkesar	40	17.451	78.684
Borgaon	16	20.723	78.604
Sendamangalam	25	11.281	78.234
Chhapar	24	27.819	74.439
Udangudi	25	8.429	78.030
Tirumeshi	25	13.053	80.060
Kerur	19	16.014	75.546
Verukulambu	25	8.295	77.294
Shahpur	35	21.237	76.226
Jhinjhana	36	29.521	77.225
Kumbhraj	35	24.373	77.048
Bareja	09	22.849	72.591
Vadakku Viravanallur	25	8.698	77.519
Mokeri	13	11.778	75.573
Samrala	23	30.836	76.193
Junagarh	37	19.860	82.934
Nalco	21	20.865	85.183
Badi	35	23.037	78.084
Charipara	26	23.809	91.248
Resubelpara	18	25.904	90.607
Jharoda Kalan	07	28.653	76.952
Kalmeshwar	16	21.232	78.920
Lawar Khas	36	29.111	77.778
Sriramnagar	40	17.267	78.255
Mulakumud	25	8.268	77.286
Pattan	12	34.161	74.556
Bagbahra	37	21.046	82.386
Visavadar	09	21.340	70.750
Pinahat	36	26.885	78.376
Pennadam	25	11.404	79.242
Nainwa	24	25.771	75.850
Rameswaram	02	14.740	78.543
Jansath	36	29.325	77.850
Santrampur	09	23.190	73.895
Richha	36	28.695	79.523
Bhayavadar	09	21.855	70.248
Aistala	28	23.180	88.580
Methukummal	25	8.307	77.152
Gannavaram	02	16.541	80.802
Amarpatan	35	24.314	80.977
Sojitra	09	22.539	72.720
Singur	28	22.809	88.229
Singarayakonda	02	15.230	80.028
Punnayur	13	10.652	75.995
Konnur	19	16.201	74.749
Narwar	35	25.644	77.913
Weir	24	27.019	77.176
Wazirganj	36	28.211	79.057
Kakdwip	28	21.879	88.191
Tamenglong	17	25.016	93.485
Jalochi	16	18.157	74.607
Kaimur	35	24.054	80.614
Maholi	36	27.664	80.474
Bilhaur	36	26.843	80.064
Mangalam	02	13.658	79.463
Raja Pur Khurd	07	28.635	77.033
Khanapur	19	15.640	74.508
Tiruppalai	25	9.978	78.133
Burhar	35	23.215	81.532
Nimaparha	21	20.058	86.004
Deoli	16	20.649	78.480
Devadanapatti	25	10.147	77.644
Hamirpur	11	31.684	76.525
Laksar	39	29.759	78.041
Vakkam	13	8.684	76.768
Ezhome	13	12.030	75.282
Ammainaickanur	25	10.167	77.913
Kesinga	21	20.188	83.219
Chhaprauli	36	29.210	77.175
Sardulgarh	23	29.692	75.236
Maduraivayal	25	13.063	80.172
Hirekerur	19	14.455	75.395
Kottayam	13	11.825	75.548
Shehera	09	22.951	73.631
Surianwan	36	25.464	82.419
Rijokri	07	28.514	77.115
Kadikkad	13	10.671	75.980
Biswanath Chariali	03	26.726	93.147
Siwani	10	28.909	75.615
Honnavar	19	14.281	74.445
Jalladiampet	25	12.920	80.208
Torur	40	17.584	79.659
Mir Pur Turk	07	28.705	77.264
Bhitarwar	35	25.792	78.111
Kallukuttam	25	8.189	77.288
Chautapal	40	17.258	78.898
Arang	37	21.196	81.969
Dharmkot	23	30.946	75.232
Kirandul	37	18.636	81.258
Kothakota	40	16.380	77.940
Katangi	35	23.441	79.796
Amlagora	28	22.846	87.336
Karthikappally	13	9.257	76.449
Anshing	16	20.041	77.315
Parichhatgarh	36	28.978	77.934
Tiruvattar	25	8.331	77.267
Kesariya	34	26.350	84.871
Bhor	16	18.149	73.843
Kadachira	13	11.837	75.449
Kulpahar	36	25.320	79.639
Khariar Road	21	20.899	82.509
Punjai Puliyampatti	25	11.352	77.167
Kunnimangalam	22	12.074	75.241
Kharsia	37	21.990	83.105
Nahorkatiya	03	27.286	95.328
Khilchipur	35	24.039	76.578
Mulgund	19	15.281	75.521
Kansapur	10	30.145	77.266
Somandepalle	02	14.008	77.608
Sriramnagar	02	18.283	83.534
Gummidipundi	25	13.408	80.109
Koath	34	25.326	84.260
Marturu	13	10.172	76.426
Manchar	16	19.004	73.943
Shahpur	36	29.350	77.552
Marahra	36	27.737	78.569
Mundgod	19	14.971	75.037
Bhati	07	28.430	77.226
Chicholi	16	21.469	79.702
Malvan	16	16.060	73.463
Pahasu	36	28.172	78.064
Lateri	35	24.061	77.410
Tadikombu	25	10.439	77.955
Chhipa Barod	24	24.624	76.708
Akbarpur	36	26.384	79.949
Maithon	38	23.780	86.810
Chhiri	09	20.378	72.941
Mallasamudram	25	11.493	78.031
Ranipur	36	25.250	79.062
Gadhra	38	22.747	86.245
Solsumba	09	20.157	72.789
Chandur Bazar	16	21.239	77.747
Sompeta	02	18.944	84.584
Gangapur	24	25.220	74.260
Chanod	09	20.347	72.928
Banur	23	30.554	76.719
Paranda	16	18.263	75.463
Shadipur Julana	10	29.124	76.405
Rakkiyapalaiyam	25	11.106	76.943
Kammivapettai	25	11.753	79.746
Amod	09	21.993	72.870
Rangapara	03	26.838	92.669
Nanauta	36	29.712	77.417
Raybag	19	16.492	74.774
Kundgol	19	15.256	75.247
Murbad	16	19.254	73.390
Lonand	16	18.040	74.187
Tiruvankod	25	8.245	77.301
Una	11	31.465	76.269
Palda	35	22.680	75.894
Haldaur	36	29.290	78.284
Srirampur	28	22.948	88.020
Mandvi	09	21.255	73.304
Valabhipur	09	21.889	71.879
Kardhan	10	30.318	76.866
Kalayat	10	29.677	76.256
Kurumathur	13	12.040	75.411
Kim	09	21.401	72.927
Mamsapuram	25	9.500	77.588
Mangattidam	13	11.843	75.544
Silvani	35	23.303	78.441
Tyagadurgam	25	11.741	79.077
Kharupatia	03	26.518	92.147
Palappallam	25	8.209	77.248
Palaiyampatti	25	9.539	78.098
Nadim Tiruvuru	02	17.112	80.609
Jadugora	38	22.654	86.356
Bhadaur	23	30.477	75.330
Bhoom	16	18.459	75.659
Durgapur	16	20.005	79.303
Chandili	21	19.247	83.406
Phalauda	36	29.188	77.830
Bank	35	22.703	75.804
Harpalpur	35	25.288	79.333
Rampura	35	24.467	75.440
Jogipet	40	17.836	78.068
Alang	09	21.399	72.175
Barka Kana	38	23.621	85.467
Deshnoke	24	27.798	73.343
Uttangarai	25	12.267	78.538
Chicholi	16	21.266	79.116
Mukandgarh	24	27.952	75.224
Savli	09	22.562	73.223
Tondi	25	9.742	79.018
Kannapuram	13	11.984	75.304
Pottanur	25	11.110	77.989
Padampur	24	29.709	73.625
Gubbi	19	13.312	76.941
Unchahra	35	24.383	80.781
Baroda	35	25.500	76.650
Khali Kachigam	52	20.383	72.867
Namrup	03	27.194	95.319
Neral	16	19.025	73.317
Sirgitti	37	22.047	82.149
Mandapam	25	9.276	79.124
Along	30	28.170	94.801
Kota	37	22.295	82.024
Moram	16	17.788	76.471
Kadipur	07	28.774	77.163
Chhoti Sadri	24	24.381	74.701
Vazhakulam	13	10.094	76.420
Fort Gloster	28	22.504	88.183
Seppa	30	27.362	93.040
Majhiaon Kalan	38	24.324	83.816
Thakurganj	34	26.427	88.131
Naldurg	16	17.817	76.282
Thasra	09	22.798	73.212
Bada Malhera	35	24.564	79.307
Kakori	36	26.868	80.786
Alangayam	25	12.622	78.752
Cheranmahadevi	25	8.675	77.570
Chetput	25	13.070	80.241
Ramjibanpur	28	22.828	87.609
Hutagalli	19	12.342	76.586
Howli	03	26.422	90.980
Daboh	35	26.002	78.877
Talod	09	23.351	72.950
Palugal	25	8.354	77.186
Inam Maniyachi	25	9.171	77.851
Ghogardiha	34	26.280	86.470
Vengikkal	25	12.264	79.067
Udaipura	35	23.074	78.511
Behat	36	30.172	77.614
Trikarpur North	13	12.146	75.175
Khetri	24	28.001	75.786
Kheri Nangal	10	29.354	76.977
Pasthal	16	19.820	72.730
Kariapatti	25	9.675	78.100
Gairtganj	35	23.410	78.221
Tezu	30	27.913	96.129
Jalali	36	27.867	78.253
Gaurela	37	22.754	81.901
Singampunari	25	10.186	78.415
Moonak	23	29.825	75.891
Palayad	13	11.551	75.629
Vettaikkaranpudur	25	10.562	76.913
Pichor	35	25.176	78.189
Bakarwala	07	28.668	77.020
Koipadi	13	12.593	74.963
Machai	19	15.793	74.484
Eruvadi	25	8.444	77.604
Namminikara	13	10.432	76.254
Thara	09	23.973	71.819
Jhalida	28	23.365	85.976
Aurangabad Cantonment	16	19.876	75.292
Fatehgarh Churian	23	31.864	74.957
Kunnummal	13	11.683	75.711
Kattur	13	10.373	76.167
Vadamadurai	25	10.441	78.098
Tirumala	02	13.683	79.350
Bhogpur	23	31.554	75.643
Patiriyat	13	11.849	75.515
Satyamangala	19	13.019	76.124
Bhattiprolu	02	16.103	80.781
Barjala	26	23.618	91.356
Nalloor	25	8.306	77.224
Mahishadal	28	22.186	87.981
Sir Muttra	24	26.515	77.372
Dumjor	28	22.620	88.246
Jadcherla	40	16.774	78.137
Noamundi	38	22.161	85.504
Barwala	09	22.220	72.068
Narauli	36	28.485	78.715
Arukutti	13	9.867	76.350
Murudeshwara	19	14.094	74.484
Nilokheri	10	29.837	76.932
Nateputa	16	17.899	74.752
Honnali	19	14.240	75.645
Titabor Town	03	26.592	94.194
Samdari	24	25.813	72.579
Saiyad-ul-ajaib	07	28.519	77.204
Pudunagaram	13	10.680	76.684
Bayad	09	23.223	73.215
Kanjari	09	22.612	72.921
Vadlapudi	02	14.311	79.804
Bhindar	24	24.502	74.186
Piranvadi	19	15.802	74.480
V.S.K.Valasai (Dindigul-Dist.)	25	10.315	78.151
Handia	36	25.364	82.187
Avalepalli	25	12.771	77.859
Narasimhanaickenpalayam	25	11.117	76.936
Adiyanuthu	25	10.331	77.981
Sarai Mir	36	26.027	82.918
Tral	12	33.927	75.116
Akalkuva	16	21.554	74.019
Bhikhi	23	30.059	75.535
Silappadi	25	10.394	78.008
Kulattuppalaiyam	25	10.761	77.584
Ramachettipalaiyam	25	10.958	76.920
Bilgi	19	16.347	75.618
Nagamangala	19	12.819	76.755
Shahpur	34	25.603	84.404
Damnagar	09	21.692	71.517
Manalur	13	10.493	76.103
Ambaji	09	24.332	72.846
Kannod	35	22.668	76.743
Jagiroad	03	26.120	92.198
Patdi	09	23.196	71.792
Mahudha	09	22.821	72.940
Chettinayakkanpatti	25	10.394	77.975
Gotan	24	26.656	73.737
Mangalam	25	11.101	77.271
Peddanayakkanpalaiyam	25	11.651	78.509
Bhuwana	24	24.621	73.708
Kothanallur	25	8.279	77.310
Balugan	21	19.733	85.217
Kherli	24	27.274	76.986
Rahimatpur	16	17.592	74.200
Nangavaram	25	10.869	78.539
Padmapur	21	21.000	83.067
Pipili	21	20.114	85.831
Koratti	13	10.266	76.348
Vittal	19	12.763	75.099
Shirhatti	19	15.234	75.580
Devgarh	24	25.525	73.908
Bargi	35	22.991	79.876
Jarwal	36	27.163	81.542
Nichlaul	36	27.312	83.725
Kanke	38	23.435	85.321
Vazhapadi	25	11.655	78.401
Achhibal	12	33.684	75.218
Papanasam	25	10.927	79.271
Kodoli	16	16.876	74.191
Raipur	24	26.043	74.024
Tajpur	36	29.162	78.485
Banki	21	20.379	85.530
Settiyarpatti	25	9.393	77.493
North Guwahati	03	26.197	91.720
Madhuban	34	26.439	85.136
Banapur	21	19.779	85.170
Jatara	35	25.010	79.049
Palera	35	25.020	79.228
Indri	10	29.880	77.060
Bodri	37	22.023	82.114
Kallur Tekkumuri	13	10.240	76.324
Pennagaram	25	12.134	77.895
Dharmapuram	25	8.120	77.389
Depalpur	35	22.851	75.542
Mundwa	24	27.063	73.823
Auhammadpur Majri	07	28.729	77.038
Tadigadapa	02	16.471	80.697
Calangute	33	15.544	73.755
Sarai Akil	36	25.379	81.510
Nisang	10	29.692	76.755
Panoor	13	11.759	75.578
Amet	24	25.306	73.926
Bareta	23	29.864	75.696
Kavisuryanagar	21	19.581	84.760
Puthur	13	10.487	76.279
Hat Piplia	35	22.769	76.300
Bhundsi	10	28.351	77.061
Naregal	19	15.573	75.808
Bermo	38	23.788	85.935
Khongapani	37	23.191	82.163
Bagdogra	28	26.699	88.312
Indergarh	36	26.935	79.671
Lasalgaon	16	20.143	74.239
Periyakottai	25	10.591	77.280
Edakkazhiyur	13	10.623	75.997
Phirangipuram	02	16.291	80.262
Narsala	16	21.090	79.136
Keezhkulam	25	8.231	77.186
Jalalpore	09	20.949	72.898
Chhala	09	23.308	72.774
Sivagirippatti	25	10.450	77.530
Athagarh	21	20.520	85.630
Lakhnadon	35	22.600	79.601
Takhatgarh	24	25.322	73.005
Talwandi Bhai	23	30.856	74.930
Mulki	19	13.091	74.794
Kattatturai	25	8.285	77.276
Bhanpuri	37	21.092	80.932
Kulasegaram	25	8.363	77.298
Deori	37	22.099	82.266
Nilagiri	21	21.462	86.768
Mannarai	25	11.117	77.373
Ajara	16	16.116	74.211
Bhikshandarkovil	25	10.883	78.705
Jagalur	19	14.520	76.339
Palangarai	25	11.198	77.306
Virajpet	19	12.196	75.805
Narnaund	10	29.220	76.143
Pudur	25	11.436	77.676
Balugaon	21	20.178	85.113
Iriveri	13	11.856	75.474
Alnavar	19	15.427	74.741
Bilthra	36	26.127	83.891
Anaimalai	25	10.583	76.934
Guru Har Sahai	23	30.709	74.404
Tangla	03	26.657	91.914
Mendarda	09	21.321	70.441
Taleigao	33	15.469	73.833
Jawad	35	24.599	74.863
Basukinath	38	24.394	87.086
Uttarkashi	39	30.730	78.443
Rajgarh	35	22.678	74.945
Ayyalur	25	10.482	78.156
Kolaccheri	13	11.976	75.417
Naranammalpuram	25	8.760	77.740
Chalakilakakara	13	11.854	75.439
Shaktinagar	19	16.365	77.359
Amroli	09	21.251	72.839
Chalala	09	21.411	71.166
Samalka	07	28.535	77.091
Meppadam	13	9.324	76.493
Madambakkam	25	12.852	80.047
Nongpoh	18	25.902	91.877
Mahiari	28	22.588	88.235
Naraina	24	26.791	75.206
Kokotamangalam South	13	9.679	76.359
Teonthar	35	24.982	81.642
Jigani	19	12.786	77.639
Nayagarh	21	20.129	85.096
Kusum Pur	07	28.555	77.157
Eravattur	13	11.580	75.738
Nawabganj	36	26.864	82.141
Maghar	36	26.756	83.128
Varam	13	11.900	75.413
Ongallur-I	13	10.803	76.219
Bicholim	33	15.593	73.946
Hukumpeta	02	16.989	81.802
Valvachatottam	25	8.280	77.256
Bijaipur	35	26.051	77.371
Garhshankar	23	31.215	76.141
Dirba	23	30.072	75.996
Ranpur	09	22.352	71.712
Dukli	26	23.798	91.296
Manjhanpur	36	25.530	81.376
Mihona	35	26.284	78.980
Gothara	24	28.066	75.818
Makum	03	27.487	95.436
Kalghatgi	19	15.183	74.971
Eruvatti	13	11.806	75.530
Merta Road	24	26.723	73.918
Tanakpur	39	29.074	80.111
Undera	09	22.348	73.133
Khed	16	17.719	73.397
Kutiyana	09	21.624	69.985
Sultanpur	23	31.215	75.196
Ahor	24	25.369	72.780
Siralkoppa	19	14.381	75.250
Sithurajapuram	25	9.421	77.787
Vandalur	25	12.892	80.081
Moreh	17	24.251	94.301
Chelamartam	13	10.137	76.457
Challapalle	02	16.118	80.931
Konarka	21	19.890	86.098
Gandevi	09	20.812	72.998
Acharipallam Vaniyakudi	25	8.174	77.385
Peralassery	13	11.832	75.483
Bara Uchana	10	29.467	76.178
Arkalgud	19	12.762	76.060
Kamakhyanagar	21	20.934	85.545
Budhni	35	22.787	77.681
Pinarayi	13	11.805	75.481
Pachchal	25	12.511	78.555
Navalpattu	25	10.751	78.776
Vathirairuppu	25	9.635	77.639
Sivagiri	25	11.120	77.788
Bawal	10	28.072	76.583
Hanumana	35	24.779	82.096
Porathissery	13	10.376	76.201
Vallam	25	10.720	79.060
Amta	28	22.583	88.010
Vada	16	19.653	73.148
Kadod	09	21.217	73.220
Valavanur	25	11.921	79.582
Khapat	09	21.654	69.613
Babai	35	22.703	77.935
Harsud	35	22.099	76.734
Andada	09	21.656	73.022
Beri Khas	10	28.701	76.577
Dera Mandi	07	28.436	77.176
Chanaje	16	18.861	72.953
Samburvadakara	25	8.999	77.388
Thorapadi	25	12.892	79.124
Karingal	25	8.236	77.243
Nal Khera	35	23.836	76.243
Piriyapatna	19	12.335	76.101
Nohsa	34	25.565	85.056
Phaphund	36	26.599	79.464
Sarangpore	09	21.636	73.048
Babrala	36	28.264	78.406
Virnur	25	11.844	77.847
Ajaigarh	35	24.899	80.259
Baihar	35	22.101	80.550
Malihabad	36	26.922	80.711
Jhusi	36	25.437	81.906
Trajpar	09	22.816	70.867
Pudusseri	13	10.758	76.786
Pattamadai	25	8.673	77.584
Cuncolim	33	15.177	73.994
Pathalgaon	37	22.557	83.464
Asind	24	25.734	74.333
Baliguda	21	20.200	83.909
Vaghodia	09	22.305	73.400
Nazareth	25	8.561	77.972
Samurou	17	24.701	93.903
Madhuban	26	23.782	91.286
Lalpettai	25	11.301	79.556
Salumbar	24	24.135	74.044
Sonkach	35	22.972	76.347
Jambai	25	11.468	77.643
Kotekara	19	12.793	74.872
Chandameta	35	22.191	78.730
Kiphire	20	25.868	94.786
Khatra	28	22.976	86.855
Goraya	23	31.124	75.772
Sundakkampalaiyam	25	10.567	77.214
Sindkhed Raja	16	19.954	76.126
Susner	35	23.947	76.088
Bharwari	36	25.561	81.492
Chendrappini	13	10.356	76.128
Rani Khera	07	28.706	77.026
Bhainsdehi	35	21.645	77.630
Kankauli	16	16.266	73.712
Gokavaram	02	17.258	81.850
Padampur	21	20.999	83.063
Curti	33	15.417	74.017
Nambiyur	25	11.358	77.321
Lochapada	21	19.329	84.801
Bargur	25	12.543	78.357
Dharampuri	35	22.150	75.344
Shopian	12	33.717	74.834
Mullanpur	23	30.855	75.661
Uttukuli	25	10.652	76.978
Kandari	16	21.061	75.810
Khada	36	27.183	83.883
Jasidih	38	24.514	86.646
Kargil	41	34.558	76.126
Kotaparh	37	19.143	82.325
Tikri Kalan	07	28.684	76.970
Chakulia	38	22.483	86.718
Shahgarh	35	24.314	79.118
Kadamakudi	13	10.064	76.246
Annamalainagar	25	11.400	79.733
Ambasa	26	23.936	91.854
Arumanai	25	8.367	77.243
Anandpur	23	31.239	76.503
Omalur	25	11.741	78.046
Hatti	19	16.198	76.660
Chennimalai	25	11.164	77.604
Madukkur	25	10.481	79.399
Bahula	28	23.652	87.165
Ayyampettai	25	10.901	79.180
Naroli	52	20.274	72.942
Nuh	10	28.103	77.001
Thimiri	25	12.828	79.308
Ellakkudi	25	10.806	78.750
Kamalganj	36	27.262	79.631
Bhikangaon	35	21.868	75.964
Neelagiri	25	10.759	79.093
Jalakandapuram	25	11.698	77.873
Mullanwala	23	31.062	74.823
Pandaria	37	22.225	81.410
Thiruvaiyaru	25	10.884	79.104
Elandakuttai	25	11.406	77.775
Sanwer	35	22.974	75.827
Nallavila	25	8.205	77.344
Kamayakkavundanpatti	25	9.739	77.320
Bijapur	37	18.794	80.816
Kuthalam	25	11.074	79.562
Chengalam	13	9.597	76.468
Cherukunnu	13	11.996	75.287
Kuda	20	25.891	93.739
Chevvoor	13	10.459	76.209
Vaniyamkulam	13	10.783	76.334
Tevaram	25	9.897	77.281
Bhiloda	09	23.768	73.247
Shahi	36	28.550	79.318
Kedia	38	23.795	85.587
Simga	37	21.628	81.704
Kandamkunnu	13	11.869	75.581
Kudal	16	16.011	73.689
Utnur	40	19.368	78.776
Hindoria	35	23.903	79.569
Betma	35	22.687	75.615
Kappiyara	25	8.247	77.262
Vellakkinar	25	11.074	76.957
Balaungi	23	30.731	76.694
Hajo	03	26.245	91.525
Maliya	09	23.093	70.759
Kombai	25	9.847	77.296
Asara	36	29.247	77.309
Koothappar	25	10.797	78.792
Udalguri	03	26.754	92.102
Vaso	09	22.661	72.755
Chanasma	09	23.715	72.113
Boothapandi	25	8.266	77.446
Bharanikavu Tekku	13	9.185	76.561
Rura	36	26.490	79.901
Bunjwah	12	33.146	75.948
Chandia	35	23.656	80.709
Vijayapuri North	40	16.585	79.320
Khaniadhana	35	25.030	78.127
Kannampalaiyam	25	10.995	77.099
Pipraich	36	26.827	83.526
Abhayapuri	03	26.323	90.685
Srivaikuntam	25	8.629	77.913
Sunel	24	24.371	75.957
Sisauli	36	29.414	77.469
Unhel	35	23.338	75.559
Marattakara	13	10.473	76.256
Vadakkekkad	13	10.664	76.003
Domchanch	38	24.475	85.692
Molakalumuru	19	14.718	76.747
Jalda	21	22.187	84.844
Jodiya Bandar	09	22.717	70.283
Dera Colliery Township	21	20.953	85.172
Holalkere	19	14.043	76.185
Dumra	34	26.567	85.520
Pudukkottai	25	9.937	78.053
Mennanyam	13	11.558	75.760
Binika	21	21.026	83.812
Sonpet	16	19.026	76.474
Bangarda	35	22.759	75.795
Dharni	35	21.553	76.890
Thandla	35	23.010	74.577
Khuldabad	16	20.007	75.192
Elumalai	25	9.865	77.699
Khetia	16	21.671	74.585
Bhudgaon	16	16.907	74.600
Khusropur	34	25.482	85.385
Yerkhera	16	21.216	79.185
Khatima	39	28.921	79.971
Bari Sadri	24	24.413	74.473
Dapoli	16	17.759	73.188
Kumarapalaiyam	25	11.502	77.256
Kabilpor	09	20.951	72.958
Periyapatti	25	11.205	78.151
Yamjal	40	17.269	78.577
Rahon	23	31.053	76.119
Vadakancheri	13	10.660	76.247
Bagar	24	28.188	75.500
Manaveli	22	11.891	79.810
Manthani	40	18.651	79.665
Vidyavihar	24	28.368	75.584
Neb Sarai	07	28.508	77.201
Lakhipur	03	26.030	90.306
Panangad	13	10.273	76.175
Chokkanathapuram	25	9.992	77.357
Kamatgi	16	16.078	75.813
Khutar	36	28.203	80.270
Satalkheri	24	24.652	75.998
Maval	16	18.755	73.444
Kasara	16	19.645	73.474
Agaram	25	10.443	77.948
Baben	09	21.137	73.096
Narayankher	40	18.034	77.773
Salangaippalaiyam	25	11.426	77.571
Baberu	36	25.547	80.704
Danta	24	27.296	75.187
Badshahpur	10	28.393	77.049
Chengala	13	12.498	75.050
Haripad	13	9.284	76.455
Gulgam	12	34.550	74.217
Kuchinda	21	21.744	84.348
Husainpur	23	31.312	75.322
Kompalli	40	17.545	78.488
Kalher	16	19.247	73.015
Tosham	10	28.870	75.916
Ponmana	25	8.355	77.328
Sanjan	09	20.192	72.818
Bilsanda	36	28.243	79.951
Leteri	35	24.060	77.409
Vettavalam	25	12.108	79.245
Mani Majra	10	30.714	76.838
Kurwai	35	24.117	78.038
Taranagar	26	23.969	91.371
Kosigi	02	15.855	77.245
Brahmanan di Bari	12	32.644	74.911
Tindal	25	11.317	77.674
Kalugumalai	25	9.149	77.706
Tirthahalli	19	13.688	75.245
Ajeetgarh	24	27.419	75.821
Parvatsar	24	26.886	74.766
Kachhwa	36	25.206	82.714
Ramachandrapuran	40	17.513	78.289
Rampur	21	21.074	84.341
Sayla	09	22.549	71.483
Seoni Chhapara	35	22.394	79.542
Purushottampur	21	19.520	84.885
Bah	36	26.869	78.594
Kanhirode	13	11.918	75.465
Davorlim	33	15.272	73.992
Dornakal	40	17.445	80.149
Morampudi	02	16.980	81.837
Penha de Franca	33	15.517	73.835
Kanchanpur	26	24.036	92.200
Badgam	12	34.015	74.721
Palaiyam	25	10.726	78.135
Pappinivattom	13	10.294	76.158
Mirganj	36	28.540	79.208
Darasuram	25	10.950	79.356
Kushalnagar	19	12.458	75.959
Sayan	09	21.320	72.882
Katangi	35	21.774	79.805
Bhauri	24	24.661	72.914
Kathor	09	21.289	72.941
Villukuri	25	8.223	77.373
Baonli	24	26.326	76.228
Bantva	09	21.488	70.076
Chimbel	33	15.493	73.875
Dalkola	28	25.876	87.840
Srivardhan	16	18.046	73.016
Vilattikulam	25	9.132	78.166
Koratagere	19	13.522	77.237
Thekkumkara	13	10.282	76.213
Bommasandra Industrial Area	19	12.818	77.684
Kudali	13	11.920	75.472
Yadagirigutta	40	17.589	78.943
Mulanur	25	10.794	77.712
Ichhawar	35	23.028	77.017
Saram	38	23.763	85.830
Jugial	23	32.368	75.678
Goniana Mandi	23	30.317	74.913
Gangolli	19	13.650	74.671
R.S. Pora	12	32.606	74.733
Niz-Hajo	03	26.249	91.524
Kilattingal	13	8.693	76.793
Kangeyanallur	25	12.951	79.151
Buguda	21	19.808	84.791
Khapa	16	21.422	78.982
Petlawad	35	23.011	74.798
Mahabalipuram	25	12.621	80.193
Ghantapada	21	20.935	85.188
Sultan Pur	07	28.496	77.161
Lormi	37	22.274	81.702
Ottakkadai	25	9.958	78.189
Korwai	35	24.118	78.040
Kenda	28	23.196	86.515
Ayikudi	25	9.003	77.345
Karamuck	13	10.484	76.104
Pupri	34	26.471	85.703
Saligram	19	13.499	74.709
Shrivardhan	16	18.053	73.001
Garot	35	24.323	75.652
Phek	17	25.667	94.500
Sorada	21	19.761	84.430
Kizhariyur	13	11.498	75.681
Kharhial	21	20.288	82.761
Tirunageswaram	25	10.965	79.429
Naraini	35	25.190	80.475
Lalpur	09	22.191	69.964
Amingarh	19	16.057	75.948
Panth Piplia	35	24.195	75.006
Usehat	36	27.798	79.238
Alur	25	8.193	77.364
Pachperwa	36	27.512	82.643
Sumbal	12	34.231	74.647
Khamaria	35	23.226	79.880
Misrikh	36	27.431	80.532
Un	36	29.585	77.255
Kaveripatnam	25	12.422	78.219
Ahwa	09	20.757	73.686
Chakia	36	25.049	83.222
Loniya	35	22.062	78.913
Vagator	33	15.598	73.745
Mukkudal	25	8.743	77.522
Chingoli	13	9.250	76.452
Perole	13	12.257	75.139
Churhat	35	24.427	81.669
Bhucho Mandi	23	30.213	75.097
Pandavarmangalam	25	9.153	77.882
Sarangarh	37	21.586	83.079
Mohiuddinnagar	34	25.574	85.669
Chowwara	13	10.127	76.387
Biloli	16	18.774	77.725
Yellareddi	40	18.194	78.018
Kunnumma	13	9.357	76.413
Mauranwan	36	26.429	80.880
Tal	35	23.720	75.385
Diyodar	09	24.109	71.774
Thottiyam	25	10.990	78.334
Shelar	16	19.322	73.068
Mehnagar	36	25.879	83.116
New Bongaigaon Railway Colony	03	26.477	90.536
Panchgani	16	17.924	73.801
Ghitorni	07	28.495	77.144
Nawanshahr	12	32.765	74.528
Baralota	38	24.040	84.081
Palanisettipatti	25	10.000	77.464
Wangoi	17	24.675	93.900
Kalas	16	18.172	74.790
Utran	09	21.233	72.867
Khanpur	24	24.732	76.396
Pelawal	38	24.016	85.338
Fatehgarh	36	27.364	79.631
Kunjanpalaiyam	25	11.586	77.801
Sadhaura	10	30.385	77.222
Sidhpura	36	27.633	78.869
Yelbarga	19	15.615	76.012
Khargapur	35	24.823	79.144
Sayalgudi	25	9.169	78.447
Quepem	33	15.213	74.077
Nirsa	38	23.784	86.707
Mudukulathur	25	9.342	78.514
Bankner	07	28.853	77.079
Somampalaiyam	25	11.048	76.897
Suhagi	35	23.221	79.957
Obra	34	24.891	84.374
Thiruvidaimaruthur	25	10.999	79.452
Soyatkalan	35	24.189	76.178
Jetalsar	09	21.709	70.577
Kondalwadi	16	18.807	77.770
Siddapur	19	14.343	74.894
Kottaiyur	25	10.110	78.796
Meethari Marwar	24	27.576	74.687
Panisagar	26	24.255	92.149
Satlapur	35	23.113	77.527
Kamuthi	25	9.407	78.373
Madugula	02	17.916	82.816
Kumarapuram	25	8.292	77.321
Sakharkherda	16	20.206	76.398
Kupwara	12	34.031	74.264
Mohan	36	26.780	80.675
Amloh	23	30.608	76.232
Dongargaon	37	20.972	80.851
Khanpur	36	28.534	78.065
Nilaiyur	25	9.857	78.060
Walajabad	25	12.790	79.824
Kamalapuram	02	14.598	78.669
Bhalpara	09	20.914	70.387
Manantheri	13	11.841	75.609
Chhawala	07	28.563	77.003
Makhu	23	31.103	74.996
Kandanissheri	13	10.598	76.076
Kodavasal	25	10.862	79.480
Sakoli	16	21.087	79.991
Kota	36	24.446	83.131
Rajopatti urf Kota Bazar	34	26.584	85.505
Karambakkudi	25	10.459	79.141
Patan	35	23.286	79.690
Kankipadu	02	16.435	80.767
Ahiri	16	19.414	80.004
Gurh	35	24.503	81.500
Mauda	16	21.146	79.398
Samsikapuram	25	9.416	77.592
Chandapuram	25	8.158	77.365
Thazhakara	13	9.250	76.567
Bariarpur	34	25.288	86.576
Wadgaon	16	18.739	73.639
Gautampura	35	22.987	75.519
Kaveripak	25	12.909	79.462
Gamdi	09	22.572	72.968
Deori	16	21.068	80.367
Ammapettai	25	10.795	79.320
Gandhigram	26	23.892	91.282
Vennandur	25	11.515	78.091
Rajasingamangalam	25	9.636	78.846
Nurmahal	23	31.097	75.594
Bad	36	27.411	77.692
Vanthli	09	21.477	70.331
Sudna	38	24.053	84.072
Deolimet	16	21.158	78.968
Tengampudur	25	8.116	77.458
Lakhtar	09	22.857	71.788
Kakalur	25	13.139	79.929
Jejuri	16	18.277	74.160
Raya	23	31.542	75.236
Majitha	23	31.757	74.959
Saidpur	36	28.611	77.909
Bodri	35	23.165	81.433
Shahkot	23	31.082	75.337
Dariya	05	30.699	76.818
Bhagta	23	30.476	75.098
Pawai	35	24.266	80.162
Karmeta	35	23.207	79.896
Dhasa	09	21.805	71.516
Abhanpur	37	21.053	81.741
Baqiabad	07	28.733	77.247
Bilkha	09	21.442	70.601
Hattin	10	28.042	77.240
Garacharma	01	11.614	92.704
Manikpur	36	25.061	81.100
Chik Banavar	19	13.082	77.502
Karari	36	25.452	81.427
Tendukheda	35	23.396	79.539
Jandli	10	30.357	76.796
Bhimnagar	16	20.724	78.584
Alapakam	25	12.894	80.111
Brahmakulam	13	10.581	76.069
Manjathala	25	11.362	76.779
Lanja	16	16.861	73.550
Dewa	36	27.036	81.167
Mairang	18	25.562	91.636
Chinchani	16	19.875	72.685
Dharamjaigarh	37	22.464	83.211
Bilpura	35	23.222	79.992
Birsinghpur	35	24.798	80.973
Pallikere	13	12.406	75.040
Bisokhar	36	28.852	77.584
Kurumpilavu	13	10.411	76.168
Tanakkangulam	25	9.888	78.040
Valayam	13	11.726	75.649
Chammanad	13	12.480	75.007
Kottavalasa	02	17.890	83.191
Vilavur	25	8.267	77.305
Taloje	16	19.086	73.098
Mohanur	25	11.059	78.140
Heggadadevankote	19	12.088	76.330
Salon	36	26.029	81.454
Sendarappatti	25	11.437	78.521
Bhanumukkala	02	15.312	78.228
Aliyabad	25	12.632	79.216
Huliyar	19	13.584	76.542
Ambahta	36	29.857	77.336
Nazira	03	26.916	94.736
Raja Sansi	23	31.720	74.801
Ambikapur Part-X	03	24.799	92.792
Bansgaon	36	26.550	83.345
Sivandipuram	25	8.707	77.400
Bhairapura	19	12.220	76.899
Telo	38	23.818	86.121
Hadgood	09	22.528	72.979
Rajnagar	35	24.889	79.912
Saraikela	38	22.700	85.931
Namsai	30	27.669	95.864
Narayanapuram	02	14.704	77.578
Bakewar	36	26.662	79.176
Ikauna	36	27.531	81.969
Mailani	36	28.291	80.344
Razole	02	16.476	81.839
Turuvekere	19	13.164	76.666
Sathankulam	25	8.442	77.913
Kyelang	11	32.572	77.024
Balasamudram	25	10.419	77.499
Adigaratti	25	11.334	76.697
Thurayur	13	11.528	75.671
Bhulwal	12	32.837	74.819
Pirangut	16	18.508	73.689
Madayikonam	13	10.372	76.225
Chirgaon	36	25.572	78.814
Mukasi Pidariyur	25	11.196	77.603
Amarwara	35	22.298	79.169
Bijolia	24	25.161	75.323
Shankargarh	36	25.182	81.618
Iluppur	25	10.513	78.624
Pendra	37	22.775	81.960
Satwas	35	22.536	76.685
Manoharpur	26	23.722	91.213
Haldibari	28	26.339	88.782
Pakhi Khanauri	23	29.843	76.114
Olpad	09	21.336	72.752
Rajim	37	20.964	81.880
Tikkanbankad	25	8.222	77.273
Calapor	33	15.465	73.847
Moth	36	25.726	78.950
Shergarh	36	28.651	79.368
Vansada	09	20.758	73.364
Kasdol	37	21.619	82.425
Pazhanji	13	10.688	76.053
Orumanayur	13	10.570	76.029
Pedappai	25	12.885	80.022
Alampur	40	15.880	78.134
Sitamau	35	24.015	75.353
Simaria	35	24.795	81.152
Bilaspur	11	31.330	76.757
Kirakat	36	25.637	82.916
Ghiror	36	27.189	78.793
Kesrisinghpur	24	29.948	73.621
Kozhukkallur	13	11.515	75.708
Tenambakkam	25	12.810	79.734
Avinissery	13	10.470	76.230
Takkolam	25	13.016	79.733
Srimushnam	25	11.401	79.404
Karuppur	25	11.717	78.092
Kodala	21	19.624	84.941
Rajapur	36	25.389	81.145
Rabupura	36	28.252	77.603
Ramkola	36	26.902	83.838
Barhi	35	23.903	80.815
Kakti	19	15.932	74.526
Prasadampadu	02	16.612	80.684
Loharu	10	28.430	75.808
Goshaingaon	03	26.439	89.963
Sukma	37	18.327	81.626
Mora	09	21.178	72.659
Meppayyur	13	11.539	75.735
Chamkor	23	30.897	76.415
Soalkuchi	03	26.168	91.571
Kotwa	35	25.031	81.319
Nizamabad	36	26.053	83.058
Ziro	30	27.595	93.839
Odaipatti	25	9.832	77.443
Kralapur	12	34.000	74.813
Amanganj	35	24.427	80.036
Damodarpur	34	26.140	85.351
Saij	09	23.218	72.522
Rani	24	25.350	73.309
Shivaji Nagar	16	20.126	79.034
Buzurg	35	25.890	78.345
Radhakishorenagar	26	23.868	91.343
Joshimath	39	30.555	79.564
Attayampatti	25	11.533	78.054
Papampeta	02	14.686	77.578
Basugaon	03	26.467	90.420
Kunkuri	37	22.742	83.951
Bhimavaram	40	18.030	79.539
Savgadh	09	23.616	72.950
Udayendram	25	12.696	78.623
Nagrota	12	32.801	74.913
Barod	35	23.789	75.812
Cheruthuruthi	13	10.746	76.274
Allahganj	36	27.545	79.687
Irikkur	13	11.987	75.550
Anandanagar	26	23.809	91.313
Kharela	36	25.543	79.812
Talbahat	36	25.044	78.434
Kadaura	36	25.985	79.838
Kurud	37	20.831	81.722
Patan	16	17.375	73.901
Tikri Khurd	07	28.835	77.120
Tola Rampurwa Motalke Kurwa Mathia	34	26.866	84.528
Chityal	40	17.232	79.128
Solap	28	22.128	88.159
Iglas	36	27.711	77.940
Hindalgi	19	15.875	74.472
Tikadi	16	21.258	79.226
Ismailabad	10	30.117	76.669
Malsisar	24	28.354	75.297
Pennathur	25	12.247	79.226
Mangawan	35	24.668	81.546
Sivni	16	20.688	77.049
Pandhana	35	21.698	76.225
Radaur	10	30.027	77.152
Amethi	36	26.157	81.805
Tekanpur	35	25.994	78.283
Kannadiparamba	13	11.937	75.403
Pratapgarh	36	25.895	81.942
Kalanaur	23	32.012	75.151
Vengavasal	25	12.899	80.169
Tirupporur	25	12.726	80.190
Karikad	13	10.701	76.068
Sanquelim	33	15.564	74.008
Tikri	36	29.229	77.355
Kumaralingam	25	10.489	77.350
Rampur	35	24.502	81.055
Sindi	16	20.805	78.888
Chittayankottai	25	10.269	77.833
Dantewara	37	18.889	81.351
Kunjatturu	13	12.747	74.888
Baloda	37	22.139	82.482
Garhi	35	25.045	79.688
Jahanabad	36	28.630	79.718
Tilang Pur Kotla	07	28.650	77.027
Killai	25	11.449	79.767
Shahpura	35	23.137	79.664
Handwara	12	34.397	74.281
Mahabaleshwar	16	17.560	73.400
Sirathu	36	25.643	81.319
Chopan	36	24.520	83.023
Nandelav	09	21.720	72.996
Gopamau	36	27.535	80.285
Badarwas	35	24.975	77.565
Tingalachi	25	8.201	77.304
Achanputtur	25	9.041	77.297
Singapperumalkovil	25	12.759	80.007
Lanji	35	21.502	80.541
Ara	38	23.760	85.541
Sanaswadi	16	18.664	74.109
Pudu	19	12.867	74.967
Lohogaon	16	18.599	73.927
Anuppankulam	25	9.419	77.843
Patiali	36	27.691	78.998
Farrukhnagar	10	28.447	76.824
Shahpur	38	24.031	84.054
Karimangalam	25	12.309	78.203
Dhakuakhana	03	27.201	94.457
Umri	16	19.039	77.645
Karuvellur	13	12.176	75.193
Sasni	36	27.703	78.083
Ramnagar	36	27.085	81.406
Timmapur	40	19.048	78.641
Anandpar	09	22.322	70.846
Pulangudi	25	10.727	78.807
Dundigal	40	17.608	78.415
Shaktinagar	09	22.200	69.659
Khem Karan	23	31.144	74.559
Laxmidevipally	40	17.570	80.622
Khadkale	16	18.761	73.558
Bhadarwah	12	32.979	75.717
Daporijo	30	27.991	94.230
Mahabaleshwar	16	17.923	73.659
Hunasamaranahalli	19	13.144	77.617
Garhi Pukhta	36	29.550	77.309
Odaiyakulam	25	10.568	76.910
Gidi	38	23.691	85.364
Kureekkad	13	9.930	76.375
Mandal	09	23.289	71.919
Kumaragiri	25	8.745	78.052
Manapakkam	25	13.016	80.176
Malkapur	16	16.920	73.935
Khaga	36	25.772	81.104
Khailar	36	25.341	78.531
Kelamangalam	25	12.603	77.852
Mandakad	25	8.161	77.279
Shi Yomi	30	28.530	94.373
Nagri	37	20.346	81.960
Suwasra	35	24.070	75.652
Sukhpar	09	23.216	69.609
Ghaura	35	24.506	79.078
Badarpur	03	24.869	92.596
Kalagarh Project Colony	39	29.478	78.784
Borkheri	16	20.948	79.015
Gandai	37	21.667	81.100
Asola	07	28.457	77.184
Peramangalam	13	10.573	76.169
Bijni	03	26.496	90.703
Bilariaganj	36	26.196	83.227
Kuttyattur	13	11.970	75.488
Hajan	12	34.299	74.617
Kanor	24	24.434	74.265
Kaniyarakod-Kizhakumuri	13	10.744	76.434
Tirumullaivasal	25	11.240	79.837
Bhadkodara	09	21.604	73.015
Kodumudi	25	11.078	77.884
Uklana	10	29.511	75.878
Muttur	25	11.046	77.736
Majholi	35	23.501	79.924
Vadugappatti	25	10.104	77.573
Suchindram	25	8.154	77.467
Bandh Dih	38	23.659	86.017
Digapahandi	21	19.373	84.572
Kharkhauda	36	28.836	77.742
Manoharpur	38	22.375	85.192
Guntur	40	17.996	79.644
Veillyachi	25	8.152	77.337
Bikapur	36	26.595	82.133
Goshainganj	36	26.571	82.381
Bhamian Kalan	23	30.919	75.942
Gorrakunta	40	17.976	79.645
Sambre	19	15.870	74.611
Galpadar	09	23.097	70.125
Udala	21	21.578	86.567
Urakam	13	10.433	76.217
Krishnasamudram	25	10.786	78.800
Quimoh	12	33.722	75.086
Baghamara	18	25.190	90.648
Doboka	03	26.116	92.864
Asangaon	16	19.439	73.306
Ranir Bazar	26	23.835	91.366
Kirodimalnagar	37	21.927	83.332
Trikur	13	10.461	76.273
Narath	13	11.960	75.389
Ashti	16	19.377	76.225
Ningthoukhong	17	24.572	93.764
Puttalam	25	8.098	77.464
South Kannanur	25	10.919	78.740
Gorakhpur	10	29.448	75.672
Jhinkpani	38	22.422	85.746
Shahpur	35	23.894	79.051
Birbhaddar	39	30.071	78.282
Dhemaji	03	27.483	94.583
Worthi	16	21.240	79.644
Vikasnagar	39	30.469	77.773
Kumarghat	26	24.160	92.033
Dadra	52	20.325	72.966
Khallikot	21	19.609	85.086
Dankaur	36	28.351	77.555
Edakkode	13	8.681	76.852
Ashokapuram	25	11.102	76.954
Kanina Khas	10	28.331	76.311
Daulatpur	23	32.267	75.633
Mallankinar	25	9.598	78.056
Tattayyangarpettai	25	11.124	78.449
Ladhaura	35	25.073	78.868
Pochampalli	40	17.349	78.823
Thirukattupalli	25	10.844	78.956
Vallachira	13	10.438	76.227
Bachra	38	23.688	85.086
Hulikal	25	11.321	76.773
Madanpur	28	23.006	88.492
Bali Chak	28	22.365	87.553
Chaurai	35	22.055	79.252
Ettaiyapuram	25	9.144	77.991
Malaimachchampatti	25	10.906	77.005
Drug Mulla	12	34.485	74.287
Meghnagar	35	22.907	74.542
Edattirutti	13	10.364	76.174
Neyyur	25	8.198	77.304
Katavallur	13	10.717	76.070
Serula	33	15.548	73.843
Karivali	16	19.292	73.038
Bilaua	35	26.050	78.275
Mundi	35	22.067	76.493
Curtorim	33	15.276	74.022
Tati	38	23.377	85.438
Lakhipur	03	24.793	93.009
Shahpur	09	22.156	70.771
Sakri	37	22.105	82.082
Thirumittacode-II	13	10.732	76.161
Puluvappatti	25	10.963	76.816
Ratannagar	24	28.213	74.955
Chandla	35	25.071	80.193
Banasthali	24	26.404	75.870
Raghudebbati	28	22.526	88.196
Pratapsasan	21	20.205	85.872
Bandora	33	15.408	73.981
Elavalli	13	10.566	76.091
Bachhrawan	36	26.471	81.116
Mandir Hasaud	37	21.224	81.768
Pirawa	24	24.155	76.027
Bare	13	12.446	75.042
Kot Isa Khan	23	30.947	75.138
Talainayar Agraharam	25	10.561	79.772
Reliance Complex	09	22.344	69.859
Sawyerpuram	25	8.682	78.027
Mangalapadi	13	12.669	74.910
Devendranagar	35	24.617	80.379
Peddaboddepalle	02	17.661	82.630
Malsian	23	31.130	75.350
Kulattur	25	11.849	77.751
Muri	28	23.371	85.862
Dudhi	36	24.214	83.241
Kottapeta	40	17.306	78.491
Uthukkottai	25	13.336	79.890
Dudhani	16	17.358	76.367
Bandlaguda	40	17.351	78.391
Kurara	36	25.980	79.990
Digboi Oil Town	03	27.389	95.619
Ghanpur	40	17.850	79.367
Puliyur	25	10.950	78.145
Kadaiya	52	20.465	72.854
Bakhtawarpur	07	28.823	77.175
Temanur	25	8.333	77.252
Kodikkulam	25	9.649	77.586
Mallapuram	25	11.982	78.248
Shirwal	16	18.151	73.978
Devrukh	16	17.067	73.615
Dostpur	36	26.275	82.471
Udaiyarpalaiyam	25	11.187	79.293
Madhuru	13	12.540	75.010
Vaghapur	16	20.395	78.111
Maniyur	13	11.953	75.448
Ponnamaravati	25	10.280	78.536
Murud	16	18.328	72.962
Perya	13	11.833	75.854
Phup Kalan	35	26.645	78.874
Pullur	13	10.345	76.244
Teegalpahad	40	18.859	79.489
Lakshminarayanapuram	25	11.791	79.555
Awantipur	12	33.920	75.015
Ponduru	02	18.350	83.756
Orikkai	25	12.802	79.711
Khudaganj	36	28.146	79.715
Vangani	16	19.092	73.297
Vavol	09	23.225	72.621
Barela	35	23.097	80.051
Nannilam	25	10.879	79.611
Barharwa	38	24.857	87.779
Puthukkad	13	10.418	76.270
Sonegaon	16	20.629	78.692
Pingawan	10	27.896	77.102
Dommasandra	19	12.878	77.753
Sirsa	36	25.263	82.092
Gandhinagar	16	16.707	74.300
Manegaon	35	23.206	80.012
Malkera	38	23.782	86.288
Isagarh	35	24.839	77.883
Medankarwadi	16	18.748	73.869
Sabaur	34	25.243	87.045
Becharaji	09	23.499	72.045
Mahendranagar	09	22.840	70.860
Madanayakahalli	19	13.059	77.462
Gua	38	22.214	85.388
Samarvarni	52	20.256	73.008
Uniara	24	25.915	76.026
Nagothana	16	18.542	73.135
Sembedu	25	13.130	79.563
Singarva	09	23.023	72.697
Akoda	35	26.533	78.904
Hansot	09	21.585	72.808
Ammur	25	12.975	79.363
Hadiaya	23	30.328	75.502
Kondur	25	11.754	79.704
Chundal	13	10.624	76.092
Vengurla	16	15.861	73.632
Rerma	38	24.037	84.082
Vedasandur	25	10.531	77.950
Mayyil	13	11.985	75.438
Karunguli	25	12.533	79.904
Siat	24	25.888	73.738
Dunetha	52	20.429	72.851
Navelim	33	15.533	73.983
Arumbavur	25	11.381	78.730
Pudur	25	9.000	77.208
Vaddu	19	15.187	76.631
Marandahalli	25	12.388	78.003
Bomminayakkanpatti	25	11.682	78.055
Kankon	33	15.027	74.046
Malhipur	34	25.407	86.023
Usgao	33	15.433	74.067
Canacona	19	14.996	74.051
Kurumbalur	25	11.236	78.801
Aravakkurichchi	25	10.776	77.909
Sirappalli	25	11.454	78.245
Nedumpura	13	10.733	76.264
Kherdi	16	17.519	73.557
Chinnasekkadu	25	13.161	80.257
Kanodar	09	24.089	72.394
Balitha	09	20.389	72.913
Thummalamenta	02	15.028	78.023
Tamaraikkulam	25	10.109	77.555
Ranapur	35	22.647	74.521
Alangudi	25	10.361	78.985
Maindargi	16	17.457	76.293
Chennithala	13	9.281	76.518
Ichora	40	19.430	78.453
Vinchia	09	22.210	71.380
Bhagur	16	19.876	73.834
Ibrahimpatan	40	17.196	78.651
Iringappuram	13	10.610	76.052
Mandleshwar	35	22.176	75.660
Palej	09	21.915	73.079
Alanganallur	25	10.047	78.090
Periyakoduveri	25	11.478	77.299
Harduaganj	36	27.944	78.158
Navelim	33	15.259	73.966
Nagireddipalli	02	14.270	79.101
Odlabari	28	26.836	88.629
Mursan	36	27.578	77.941
Captainganj	36	26.926	83.713
Pavaratti	13	10.565	76.062
Athmallik	21	20.721	84.535
Atmakur	40	16.338	77.809
Parnera	09	20.561	72.948
Hatwans	35	22.768	78.346
Barjora	28	23.428	87.290
Tharike	23	30.867	75.782
Bhagdawada	09	20.433	72.914
Sikandra	36	26.367	79.630
Mundali	36	28.870	77.827
Deori	37	21.450	82.617
Mavitayi	13	11.841	75.477
Polaia Kalan	35	23.212	76.553
Gohpur	03	26.882	93.616
Ghogha	09	21.688	72.276
Ottaikkalmantapam	25	10.883	76.994
Amethi	36	28.017	81.050
Ravapara	09	22.796	70.826
Kambainallur	25	12.207	78.317
Namchi	29	27.165	88.364
Bodeli	09	22.273	73.716
Kuttur	13	10.559	76.200
Ayyampalaiyam	25	10.225	77.748
Papparapatti	25	12.221	78.059
Bishnupur	17	24.628	93.762
Ponnampatti	25	10.367	78.396
Bhonrasa	35	22.993	76.210
Pansemal	35	21.660	74.699
Mullassheri	13	10.533	76.086
Tirumalaiyampalaiyam	25	10.879	76.930
Sapatgram	03	26.337	90.124
Mashat	52	20.245	73.008
Khadki Buzurg	16	20.668	77.022
Yaripur	12	33.722	75.018
Elandacheri	25	13.190	80.271
Nalvadi	16	20.757	78.622
Rambha	21	19.517	85.100
Barghat	35	22.031	79.733
Ichchhapor	09	21.193	72.737
Neykkarappatti	25	11.623	78.106
Erumaippatti	25	11.147	78.290
Jawhar	16	19.912	73.227
Chandkapur	16	21.281	79.104
Sankheda	09	22.170	73.578
Bori	16	20.912	79.004
Peragam	13	10.599	76.024
Habibpur	34	25.238	86.947
Pachmarhi	35	22.468	78.433
Trimbak	16	19.933	73.529
Saurikh	36	27.031	79.488
Karukkalvadi	25	11.671	78.013
Hata	36	26.741	83.745
Kharar	28	22.722	87.678
Chandwa	38	23.676	84.740
Kovilpalaiyampudur	25	11.508	77.363
Mubarakpur Dobas	07	28.710	77.039
Arachchalur	25	11.163	77.701
Vav	09	24.365	71.512
Yol Cantonment	11	32.184	76.382
Kati	16	17.961	75.889
Vikravandi	25	12.037	79.546
Kozhancheri	13	9.350	76.700
Bihpuria	03	27.017	93.915
Gangavalli	25	11.498	78.650
Kaniyur	25	11.093	77.156
Balimila	21	18.252	82.107
Marwar Junction	24	25.725	73.603
Colva	33	15.280	73.923
Dayapar	09	23.634	68.902
Etikoppaka	02	17.500	82.733
Khairabad	24	24.660	75.931
Karumbakkam	25	12.702	80.091
Sailana	35	23.462	74.923
Paramati	25	11.154	78.021
Cavelossim	33	15.173	73.942
Jobat	35	22.416	74.568
Mankuwa	09	23.210	69.568
Ashti	16	18.805	75.176
Gudur	19	15.939	75.914
Natathara	13	10.509	76.259
Pakhar	24	27.117	76.911
Adalaj	09	23.165	72.581
Kukdeshwar	35	24.483	75.268
Mana-Camp	37	21.194	81.717
Bankimnagar	26	23.819	91.431
Kharaghoda	09	23.187	71.727
Bolanikhodan	21	22.113	85.336
Ganguvarpatti	25	10.169	77.697
Balirampur	16	19.121	77.339
Rampur	35	24.340	81.475
Rajur	16	20.111	78.893
Satraud Kalan	10	29.103	75.815
Sawa	24	24.759	74.580
Santirbazar	26	23.312	91.561
Benaulim	33	15.264	73.928
Athner	35	21.624	77.915
Delvada	09	20.775	71.046
Attur	25	8.322	77.256
Pallappalaiyam	25	10.995	77.084
Amarpur	26	23.526	91.659
Parappukkara	13	10.401	76.249
Ramanuj Ganj	37	23.806	83.700
Majhauli	35	24.120	81.630
Labbaikkudikkadu	25	11.392	79.022
Maldhe	16	20.522	74.553
Sirmaur	35	24.836	81.364
Umrala	09	21.844	71.803
Tamarakutamkudiyiruppu	25	8.101	77.494
Barhi	38	24.304	85.414
Gobindapur	03	26.163	90.593
Udiyavara	19	13.302	74.739
Yelur	19	15.782	74.518
Kurattissery	13	9.319	76.528
Atraulia	36	26.333	82.947
Tibri	23	32.003	75.451
Kattakampala	13	10.694	76.034
Partabpur	35	21.834	75.637
Beriwala	24	28.705	72.642
Egarkunr	38	23.751	86.769
Arwani	12	33.782	75.067
Satgawan	38	24.548	84.282
Sarjapur	19	12.860	77.787
Ilampillai	25	11.607	78.007
Chittapari	21	18.243	82.050
Sidsar	09	21.719	72.111
Nagapur	16	19.159	74.701
Nahira	03	26.109	91.470
Avalpundurai	25	11.231	77.718
Gobindapur	28	22.593	88.091
Bihpuriagaon	03	27.017	93.917
Lala	03	24.554	92.616
Mailaram	40	17.501	78.124
Valangaiman	25	10.890	79.393
Kuhalur	25	11.434	77.496
Neykkarappatti	25	10.449	77.463
Ganjam	21	19.387	85.051
Chilla Saroda Khadar	07	28.588	77.304
Bilaspur	10	30.305	77.304
Sevugampatti	25	10.199	77.805
Vadakkumbagam	13	10.142	76.417
Ranoli	09	22.401	73.135
Pankhedi	35	23.347	76.836
Cherrapunjee	18	25.301	91.696
Lido Town	03	27.294	95.742
Lakkampatti	25	11.446	77.412
Kelwa	24	25.152	73.843
Salpara Molandubi Pt.-I	03	26.028	90.673
Balagunda	21	22.100	85.367
Aduthurai	25	11.015	79.481
Hosakote	19	14.276	77.168
Ambicapur Pt VIII	03	24.821	92.775
Chechat	24	24.767	75.883
Nachane	16	16.984	73.339
Hamirgarh	24	25.188	74.631
Makron	35	23.507	76.075
Jainpur	36	26.154	83.335
Naduvattam	25	11.481	76.544
Ullur	25	10.971	79.406
Kiranur	25	10.570	78.787
Naranapuram	25	9.451	77.835
Vedappatti	25	10.999	76.896
Freelandgunj	09	22.838	74.236
Akodia	35	23.380	76.599
Panamaram	13	11.740	76.074
Bishnah	12	32.611	74.856
Chikiti	21	19.202	84.615
Veeraganur	25	11.477	78.735
Padiyam	13	10.453	76.103
Shahapur	16	19.452	73.326
Saitual	31	23.683	92.967
Chiman	23	30.094	75.688
Nadisal	19	13.133	74.778
Rehti	35	22.738	77.434
Kallakkudi	25	10.977	78.951
Veluthur	13	10.540	76.224
Gokunda	16	19.607	78.201
Devipattinam	25	9.478	78.896
Yercaud	25	11.776	78.209
Velloorkunnam	13	10.005	76.547
Vadapadam	13	10.267	76.267
Hasanpur	10	27.969	77.495
Titron	36	29.668	77.324
Bhim	24	25.738	74.080
Chikkabidarakallu	19	13.052	77.488
Govindgarh	24	27.504	76.999
Tirurageswaram	25	13.009	80.147
Kudwa	16	21.478	80.186
Chinnakkampalaiyam	25	10.706	77.457
Rajgamar	37	22.382	82.833
Uppala	13	12.684	74.901
Kolazhi	13	10.572	76.219
Dharmaram	40	18.304	79.489
Panapakkam	25	12.921	79.566
Tsrar Sharif	12	33.863	74.765
Chakai	34	24.549	86.398
Patrasaer	28	23.197	87.533
Jiran	35	24.309	74.891
Ayodhyapattanam	25	11.675	78.241
Potreddipalli	40	17.588	78.080
Orchha	35	25.352	78.640
Puduppatti	25	9.766	77.307
Arasur	25	11.087	77.115
Chitegaon	16	19.758	75.290
Talaiyur	25	11.010	76.849
Kamalapuram	40	18.268	80.489
Thondamuthur	25	10.991	76.842
Dhuwaran	09	22.238	72.759
Bandarulanka	02	16.583	81.962
Masila	28	22.581	88.233
Hinjawadi	16	18.593	73.730
Uniara	24	26.153	75.215
Dumarkunda	38	23.715	86.794
Dalmau	36	26.065	81.030
Narayanavanam	02	13.426	79.589
Pudur	25	12.998	79.144
Sargur	19	12.000	76.396
Nagina	10	27.917	76.982
Modameedipalle	02	14.736	78.561
Azhagiapandipuram	25	8.301	77.444
Kadiyampatti	25	11.872	78.096
Kuttali	13	11.585	75.767
Lakhna	36	26.648	79.148
Roing	30	28.143	95.845
Kadattur	25	12.086	78.293
Pudupalayam	25	12.362	78.878
Harji	24	25.292	72.860
Utekhol	16	18.244	73.287
Kakching Khunou	17	24.405	93.900
Mangalam	25	9.765	78.640
Singhana	24	28.100	75.839
Faridnagar	36	28.769	77.629
Gakulnagar	26	23.712	91.257
Dariawad	24	24.101	74.443
Konaje	19	12.797	75.510
Bishrampur	37	23.190	83.005
Bagra	38	23.733	86.317
Meghraj	09	23.498	73.514
Takalghat	16	20.915	78.947
Baragaon	36	25.429	82.817
Sanrha	34	25.798	84.750
Mahalpur	23	31.362	76.038
Uttar Champamura	26	23.831	91.340
Sevur	25	12.955	78.853
Jobner	24	26.973	75.388
Vartej	09	21.739	72.066
Rampura	36	26.350	79.182
Venkidanga	13	10.519	76.086
Sorab	19	14.381	75.092
Shamsabad	35	23.815	77.496
Manimutharu	25	8.658	77.414
Lakshettipet	40	18.867	79.217
Gobindpur	38	23.836	86.519
Yol	11	32.164	76.196
Udayagiri	21	20.124	84.369
Ghazipur	34	25.098	86.660
Belaguntha	21	19.882	84.638
Kanjikkovil	25	11.369	77.596
Manohar Thana	24	24.240	76.802
Uppidamangalam	25	10.903	78.158
Sonamura	26	23.475	91.266
Puduvayal	25	10.103	78.846
Allipur	40	17.676	77.629
Sinor	09	21.911	73.340
Karnawad	35	22.736	76.244
Tirumalarajanpatnam	22	10.872	79.830
Antarjal	09	23.054	70.083
Kanota	24	26.871	75.948
Idukki	13	9.850	76.967
Pathsala	03	26.511	91.180
Marungur	25	8.172	77.504
Kadambuttur	25	13.098	79.862
Srirampura	19	12.255	76.622
Shivatkar	16	18.102	74.214
Rayagiri	25	9.304	77.448
Anandnagar	36	27.101	83.272
Chandur	40	17.875	78.100
Chapra	03	24.870	92.558
Sadat	36	25.671	83.303
Kavaratti	14	10.567	72.642
Barkhera Kalan	36	28.452	79.807
Bhatgaon	37	23.360	82.997
Tawang Town	30	27.574	91.795
Hasir	38	23.773	85.814
Murgud	16	16.396	74.191
Andrott	14	10.812	73.674
Tundhul	38	23.325	85.245
Diwakari	24	27.555	76.659
Guntupalle	02	16.568	80.548
Pillanallur	25	11.432	78.133
Dohrighat	36	26.272	83.509
Puliyur	25	10.634	78.841
Pudur	25	11.633	78.105
Tirupananthal	25	11.092	79.453
Raj Pur Khurd	07	28.494	77.191
Fulkumari	26	23.523	91.505
Bahsuma	36	29.201	77.972
Banskhoh	24	26.831	76.152
Atru	24	24.877	76.661
Poomangalam	13	10.311	76.193
Annal Agraharam	25	10.949	79.368
Chhutmalpur	36	30.032	77.753
Perur	02	13.619	79.383
Keskal	37	20.084	81.587
Mulaikkaraippatti	25	8.545	77.768
Maidan Garhi	07	28.500	77.206
Velankanni	25	10.683	79.833
Okni	38	24.000	85.355
Kempanayakkanpalaiyam	25	11.531	77.301
Bisenda Buzurg	36	25.404	80.619
Kulattur	25	10.705	78.551
Bhattian	23	30.961	75.829
Hanur	19	12.087	77.302
Cheyyur	25	12.349	80.003
Chiramanangad	13	10.690	76.118
Kottaram	25	8.119	77.524
Ghogaon	35	21.916	75.747
Bilha	37	21.950	82.050
Saitlaw	31	23.972	92.575
Kattupputtur	25	10.994	78.219
Varsoli	16	18.666	72.869
Attippattu	25	13.263	80.291
Raha	03	26.233	92.517
Satrikh	36	26.860	81.196
Budipuram	25	10.004	77.446
Khawzawl	31	23.518	93.189
Gerimari Chapori	03	26.428	92.025
Harrai	35	22.614	79.222
Pandatarai	37	22.187	81.328
Benkanhalli	19	15.864	74.457
Anjugramam	25	8.154	77.578
Budha Theh	23	31.518	75.301
Mandawar	24	27.864	76.550
Amgaon	16	21.372	80.384
Mahu Khurd	24	26.469	76.733
Nasiyanur	25	11.338	77.641
Mahagama	38	25.034	87.319
Manavalakurichi	25	8.148	77.306
Tottakkurichchi	25	11.071	78.031
Bhabhra	35	22.530	74.328
Ettapur	25	11.662	78.476
Bhimpur	52	20.450	72.883
Gola Bazar	36	26.345	83.353
Solim	33	15.615	73.767
Satrod Khas	10	29.131	75.792
Rahanal	16	19.270	73.027
Bhuja Bhuja Nellore	02	14.395	79.940
Marudur	25	10.916	78.451
Moparipalaiyam	25	11.133	77.147
Kesabpur	28	22.968	88.263
Daurala	36	29.113	77.705
Mehmood Pora	12	33.687	74.995
Buriya	10	30.159	77.358
Gudlavalleru	02	16.350	81.050
Gutlong Gaon	03	26.653	92.816
Kheri Sampla	10	28.778	76.776
Viralimalai	25	10.602	78.547
Chandur	40	16.981	79.059
Narasingapuram	02	13.608	79.317
Kamalpur	26	24.196	91.834
Mayapur	28	22.417	88.117
Rengali	21	21.646	84.053
Dever Inder Bug	12	34.456	74.451
Paliyad	09	22.258	71.560
Anjur	13	10.592	76.154
Sakkimangalam	25	9.881	78.192
Viraganur	25	11.476	78.736
Vubatalai	25	11.360	76.765
Valavilcheleri	13	11.953	75.404
Kargal	19	14.188	74.813
Pratap Singhwala	23	30.928	75.779
Thongju	17	24.758	93.937
Kalappanayakkanpatti	25	11.328	78.244
Sangmeshwar	16	20.550	74.528
Dispur	03	26.136	91.801
Nangavalli	25	11.762	77.891
Nemili	25	12.978	79.617
Jali	19	13.990	74.531
Tekkumbagam	13	10.123	76.417
Ajjampur	19	13.728	76.007
Krishnarayapuram	25	10.956	78.283
Kizhakkumbagam	13	10.132	76.445
Bagrana	24	26.885	75.932
Medpalli	40	17.406	78.604
Mauli Jagran	05	30.692	76.826
Khujner	35	23.786	76.618
Gangaikondan	25	8.858	77.780
Allapalli	16	19.432	80.064
Bhankarpur	23	30.606	76.836
Bagli	35	22.641	76.349
Kallupatti	25	9.717	77.867
Nawabganj	36	26.497	80.309
Partapur	24	23.593	74.174
Choglamsar	41	34.112	77.588
Chhachhrauli	10	30.245	77.360
Ammavarikuppam	25	13.178	79.413
Mahuver	09	21.027	72.887
Sirugamani	25	10.895	78.530
Pulambadi	25	11.412	78.714
Kalinagar	36	28.620	80.082
Bramhabarada	21	20.743	86.245
Siltara	37	21.381	81.664
Rajapur	16	16.657	73.517
Nalagarh	11	31.042	76.723
Raia	33	15.305	73.971
Maktampur	09	21.705	73.012
Gopalasamudram	25	8.675	77.638
Parshadepur	36	26.074	81.492
Alampur	35	26.025	78.797
Piplya Kumar	35	22.768	75.912
Kathanian	23	31.637	74.757
Chakghat	35	25.043	81.728
Bhulath Gharbi	23	31.543	75.508
Kushalgarh	24	23.199	74.451
Mandu	35	22.341	75.401
Chandarun	24	26.927	74.336
patamda	38	24.300	85.417
Puranattukara	13	10.545	76.152
Puth Khurd	07	28.770	77.049
Khanr	35	24.181	81.286
Srirampuram	25	10.435	77.808
Karrapur	35	23.949	78.866
Periyapatti	25	10.758	77.271
Dhana	35	23.747	78.862
Jona Pur	07	28.466	77.154
Kulattur	25	9.003	78.193
Betul Bazar	35	21.856	77.929
Takli	16	20.471	75.024
Talgram	36	27.048	79.648
Kandri	16	21.243	79.239
Babai	24	27.888	75.762
Hanumantanpatti	25	9.786	77.317
Ibrahimpur	07	28.776	77.178
Janpur	34	25.296	84.879
Yenugonda	40	16.757	78.036
Appukkudal	25	11.468	77.577
Bithur	36	26.607	80.271
Suthalia	35	23.996	77.140
Sarai Ekdil	36	26.744	79.094
Lamshang	17	24.816	93.874
Satai	35	24.722	79.631
Naliya	09	23.261	68.827
Talen	35	23.569	76.728
Arshakunti	19	13.078	77.422
Rengte	03	24.481	92.759
Govindgarh	35	24.378	81.296
Paddhari	09	22.437	70.602
Nawagarh	37	21.901	81.613
Baldev	36	27.407	77.822
Madhogarh	36	26.275	79.186
Kothri Kalan	35	23.072	76.830
Mallur	25	11.544	78.141
Pavuluru	02	15.853	80.165
Kotur	40	17.148	78.287
Gariaband	37	20.633	82.062
Rurki	23	30.370	76.474
Mithapur	09	22.414	69.009
Kondhi	16	20.015	79.286
Kangarali-budrukh	19	15.905	74.511
Ala	13	10.254	76.186
Palamedu	25	10.105	78.113
Haludpukhur	38	22.601	86.138
Yenumalapalle	02	14.144	77.817
Poyya	13	10.210	76.255
Daheli	09	20.270	72.879
Safapur	12	34.261	74.664
Keerikkad	13	9.177	76.486
Kanar	35	23.672	76.171
Padaivedu	25	11.440	77.809
Rangpo	29	27.177	88.534
Nandgaon	36	27.711	77.387
Marai Kalan	38	24.021	85.351
Minicoy	14	8.289	73.062
Mohgaon	35	21.639	78.736
Surappattu	25	13.143	80.192
Banposh	21	22.248	84.810
Kadannappalli	13	12.100	75.276
Bagicha	37	22.977	83.657
Bichhia	35	22.450	80.702
Hatod	35	22.794	75.739
Manor	16	19.724	72.910
Beniganj	36	27.293	80.444
Revadanda	16	18.554	72.926
Mudki	23	30.780	74.881
Bethamangala	19	13.008	78.328
Kari	35	24.837	78.867
Naushahra	12	33.157	74.240
Vadakkumkara	13	10.304	76.219
Tindwari	36	25.617	80.527
Kantaphor	35	22.577	76.560
Naigarhi	35	24.787	81.779
Manjanadi	19	12.783	74.898
Kayattar	25	8.948	77.774
Saravli	16	19.777	72.753
Champua	21	22.067	85.665
Peraiyur	25	9.736	77.790
Manglya	35	22.815	75.926
Nattarampalli	25	12.592	78.512
Umrangso	03	25.512	92.738
Eraniel	25	8.206	77.317
Kampur Town	03	26.160	92.659
Pfutsero	20	25.570	94.298
Kannivadi	25	10.379	77.830
Acharapakkam	25	12.403	79.817
Amanpur	36	27.712	78.738
Lohian	23	31.162	75.210
Lilia	09	21.537	71.364
Bharweli	35	21.837	80.227
Kusavampatti	25	11.219	78.181
Devsar	09	20.785	72.984
Basna	37	21.279	82.827
Brahmani	16	21.248	78.906
Nyamti	19	14.149	75.576
Kanjhawala	07	28.737	77.005
Niwari	36	28.876	77.538
Muragacha	28	23.536	88.394
Morongial	03	26.333	92.684
Itamati	21	20.138	85.152
Barauni	35	25.685	78.375
Prothrapur	01	11.618	92.724
Chapakhowa Town	03	27.915	95.766
Kondichettippatti	25	11.201	78.163
Madhoganj	36	27.118	80.141
Vayilathur	13	10.639	76.016
Agrahara Samakkulam	25	11.153	77.011
Kishangarh	24	27.819	76.730
Pullambadi	25	10.941	78.910
Sankaramanallur	25	10.481	77.362
Baikunthpur	35	24.728	81.410
Ilanji	25	8.960	77.280
Sultanpur	35	23.138	77.934
Bamhni	35	22.482	80.372
Agaram	25	13.110	80.233
Muttukavundanpudur	25	11.050	77.115
Kamalnagar	19	18.231	77.179
Islampur	24	28.150	75.540
Orathanadu	25	10.623	79.255
Diphupar 'A'	20	25.858	93.769
Bahua	36	25.839	80.623
Virpur	09	23.189	73.480
Dimaruguri	03	26.345	92.715
Narayangarh	35	24.271	75.050
Koteshwar	19	13.589	74.696
Sao Jose de Areal	33	15.255	74.015
Chichli	35	22.834	78.826
Lassodyameri	35	22.783	75.913
Mandu	38	23.795	85.469
Erumapalaiyam	25	11.632	78.170
Lahauran Bara	23	30.397	76.156
Buxwaha	35	24.251	79.286
Chhatral INA	09	23.287	72.438
Khaira Bari	03	26.511	90.969
Tori-Fatehpur	36	25.455	79.114
Abbaspur	12	33.817	73.976
Kirippatti	25	11.536	78.490
Shekhpura	34	26.144	85.391
Ramanapeta	40	17.289	79.094
Pakhanjur	37	20.033	80.621
Chittanur	25	11.672	78.088
Kharod	37	21.744	82.579
Khonsa	30	27.017	95.567
Sikkarayapuram	25	13.018	80.103
Kumbalgod	19	12.879	77.446
Begowal	23	31.612	75.521
Tankara	09	22.656	70.749
Nanakwada	09	20.603	72.922
Saidabad	07	28.528	77.290
Sogam	12	34.501	74.382
Ahirkheri	35	22.680	75.805
Ghagga	23	30.020	76.104
Chhapra	09	20.925	72.929
Chiranellur	13	10.632	76.141
Bokakhat	03	26.640	93.601
Kab	34	25.389	84.789
Kalombe	16	16.663	74.212
Khamanon Kalan	23	30.817	76.355
Patan	37	21.033	81.533
Uttukkuli	25	11.169	77.454
Sirpur	40	19.480	79.576
Palsud	35	21.826	74.969
Mirik	28	26.888	88.190
Baliapur	38	23.722	86.526
Valaiyampattu	25	12.693	78.635
Kamalabaria N.C.	03	26.768	94.193
Mayiladi	25	8.155	77.506
Omkareshwar	35	22.242	76.150
Kalavai	25	12.770	79.420
Udpura	24	24.734	75.975
Bastar	37	19.203	81.930
Alwarkurichchi	25	8.784	77.395
Jahangirpur	36	28.179	77.705
Gavaravaram	02	16.716	81.083
Jagnair	36	26.864	77.602
Deodora	35	22.615	80.362
Raja Ranapur	21	20.062	85.344
Arambol	33	15.687	73.704
Daulatabad	16	19.936	75.221
Hampi	19	15.335	76.460
Makhjan	16	17.270	73.500
vadlamuru	02	17.095	82.166
Yamuna Vihar	07	28.699	77.274
Ramamangalam	13	9.933	76.500
Gajsinghpur	24	29.660	73.440
Kargahia Purab	34	26.789	84.530
Lodhikheda	35	21.582	78.859
Tirumakudal Narsipur	19	12.212	76.902
Bhakli	10	28.417	76.475
Ganj Muradabad	36	26.957	80.184
Dhamda	37	21.450	81.317
Olagadam	25	11.566	77.643
Nagojanahalli	25	12.357	78.289
Antri	35	26.058	78.210
Sarupathar	03	26.193	93.864
Allipura	19	13.488	77.459
Kansbahal	21	22.216	84.663
Chandbali	21	20.775	86.741
Kozhukkully	13	10.521	76.278
Bidadi	19	12.799	77.387
Kahi Kuchi	03	26.101	91.599
Puthukkadai	25	8.276	77.179
Modakkurichchi	25	11.233	77.779
Tangdhar	12	34.398	73.860
Kottapalli	40	18.495	79.094
Barkuhi	35	22.190	78.705
Chima	23	30.685	76.086
Ambagarh Chauki	37	20.776	80.746
Bora	35	23.659	76.811
Jasrana	36	27.236	78.652
Kurthaur	34	25.562	85.122
Qazigund	12	33.638	75.143
Avadattur	25	11.701	77.864
Nagram	36	26.619	81.140
Kishni	36	27.025	79.262
Khreuh	12	34.019	74.999
Achchippatti	25	10.700	77.012
Bhuragaon Rev. Town	03	26.404	92.239
Chikhli Kalan	35	22.215	78.743
Khamaria	35	23.213	80.031
Shahjahanpur	24	27.997	76.449
Begampur	28	22.731	88.258
Attanur	25	11.501	78.136
Sarupathar	03	26.206	96.810
Anthicad	13	10.458	76.121
Elivala	19	12.358	76.541
Barsana	36	27.648	77.376
Bakani	24	24.286	76.237
Dhanegaon	16	19.127	77.337
Golaghatia Basti	03	25.992	92.864
Alur	13	10.603	76.096
Nurpur	11	32.301	75.885
Jhundpura	35	26.347	77.501
Devikapuram	25	12.498	79.253
Borigumma	37	19.047	82.553
Khera Khurd	07	28.776	77.100
Muddanuru	02	14.687	78.393
Namli	35	23.461	75.060
Gandhi Nagar	25	13.006	80.254
Wajegaon	16	19.144	77.346
Patha Deosar	12	33.634	75.072
Halwara	23	30.725	75.643
Berhait	38	24.890	87.607
Fingeshwar	37	20.969	82.040
Isri	38	23.987	86.029
Mankapur	36	27.052	82.230
Ghoradongri	35	22.124	78.000
Sholur	25	11.485	76.656
Thanniyam	13	10.417	76.133
Puduvayal	25	13.330	80.146
Bandbahal	21	21.749	83.878
Chiloda	09	23.103	72.662
Kikana	13	12.383	75.056
Kakosi	09	24.004	72.303
Periyapattinam	25	9.273	78.902
Kiri Buru	21	22.083	85.350
Agastiswaram	25	8.100	77.522
Charama	37	20.493	81.367
Seorinarayan	37	21.721	82.593
Haringhata	28	22.965	88.575
Bajpe	19	12.980	74.883
Mohpada	16	18.900	73.182
Deohra	35	23.143	81.596
Jaitwari	35	24.724	80.861
Patti	36	25.922	82.200
Kasinagar	21	18.857	83.881
Kolayat	24	27.838	72.960
Devapur	40	19.044	79.350
Kondamallapally	40	16.718	79.002
Mhasla	16	18.133	73.112
Mudgere	19	13.134	75.642
Pilikodu	13	12.192	75.164
Noria	12	32.521	74.798
Tarlapalli	40	18.834	79.491
Keolari	35	22.370	79.906
Pipalrawan	35	23.163	76.470
Masinigudi	25	11.568	76.641
Visrampuree	37	20.079	81.772
Anjuna	33	15.580	73.745
Bhalukdubi	03	26.157	90.613
Alagappapuram	25	8.147	77.541
Tiruvennanallur	25	11.859	79.366
Debipur	28	24.250	88.618
Bajwa	09	22.368	73.141
Kolappalur	25	11.379	77.429
Kaniyambadi	25	12.812	79.134
Mettuppalaiyam	25	11.168	78.449
Sulibele	19	13.184	77.801
Vatakemuri	13	10.418	76.154
Enkakad	13	10.658	76.256
Arsande	38	23.430	85.351
Pallattur	25	10.146	78.803
Khargupur	36	27.376	81.988
Kadaparai	25	10.999	78.082
Farakhpur	10	30.133	77.243
Yairipok	17	24.678	94.048
Karimpur	28	23.976	88.619
Panrra	38	23.800	86.723
Konanur	19	12.630	76.050
Kawant	09	22.093	74.051
Kumbi	17	24.433	93.813
Bhilakhedi	35	22.599	77.704
Venkatachalapuram	25	9.375	77.910
Vaittilingapuram	25	9.475	77.610
Goshainganj	36	26.768	81.108
Patra	38	24.970	87.842
Talpadi	19	12.766	74.889
Kangra	11	32.091	76.263
Singoli	35	24.967	75.300
Kanakpur Part-II	03	24.800	92.804
Mahaban	36	27.433	77.743
Ras	24	26.306	74.195
Ottapparai	25	11.178	77.581
Baua Kalan	38	23.812	86.365
Garautha	36	25.572	79.298
Limbodi	35	22.667	75.890
Kawai	24	24.756	76.735
Dumar Kachhar	35	23.169	82.111
Eral	25	8.626	78.023
Harbatpur	39	30.439	77.741
Pulampatti	25	11.657	77.766
Machalpur	35	24.128	76.317
Tapukrah	24	28.111	76.833
Nari	09	21.773	72.073
Gharghoda	37	22.174	83.352
Narsingi	40	17.390	78.357
Hiranagar	12	32.455	75.272
Gudibanda	19	13.671	77.704
Nohan	23	31.034	76.571
Nurpur Kalan	23	31.167	76.483
Jiraun Kasba	35	25.121	78.656
Pennathur	25	12.847	79.111
Kailasagiri	25	12.836	78.712
Nagri Kalan	38	23.816	86.344
Sufipind	23	31.277	75.639
Alappakkam	25	12.676	79.995
Isapur	16	19.884	79.326
Shahpur	35	23.024	81.004
Walni	16	21.323	79.087
Paparhahandi	37	19.333	82.517
Sonegaon	16	21.137	78.997
Nanda	16	19.772	79.131
Eklahare	16	19.980	73.882
Laruara	34	25.454	86.121
Papireddippatti	25	11.918	78.369
Panamarattuppatti	25	11.562	78.165
Pukkod	13	10.624	76.043
Uri	12	34.086	74.032
Umri	35	26.511	78.937
Santokhgarh	11	31.352	76.318
Sitapur	37	22.781	83.495
Keeramangalam	25	10.286	79.099
Ettimadai	25	10.891	76.909
Nag	23	31.730	74.942
Tirukurangudi	25	8.436	77.566
Needamangalam	25	10.774	79.419
Vegarai	25	11.090	77.968
Jallaram	40	18.724	79.571
Pannaipuram	25	9.866	77.284
Hajarmachi	16	17.314	74.231
Panpuli	25	9.021	77.250
Badagabettu	19	13.333	74.800
Chottanikkara	13	9.936	76.381
Sohana	23	30.689	76.707
Joka	28	22.453	88.302
Alwa Tirunagari	25	8.606	77.940
Nuvem	33	15.317	73.939
Mandasa	02	18.868	84.463
Konganapuram	25	11.571	77.900
Baragaon	35	24.568	79.019
Chicholi	35	22.012	77.671
Belur	25	11.708	78.414
Mangalam	25	11.637	79.281
Bag	35	22.359	74.791
Dola	35	23.221	82.133
Pahalgam	12	34.016	75.319
Dasiripuram	25	13.124	80.030
Boyapalli	40	16.781	77.991
Mattan	12	33.763	75.209
Tittachcheri	25	10.867	79.789
Run	24	26.843	73.793
Farah	36	27.321	77.762
Kharora	37	21.401	81.928
Samayanallur	25	9.979	78.036
Vadakkankulam	25	8.259	77.608
Mehatpur Basdehra	11	31.407	76.342
Morak	24	24.727	75.956
Bhanur	40	17.490	78.177
Loharda	35	22.592	76.596
Valavandankottai	25	10.761	78.837
Kampil	36	27.613	79.277
Maoli	24	24.783	73.984
Candolim	33	15.518	73.763
Kollankoil	25	11.128	77.744
Pattanam	25	10.981	77.054
Palidevad	16	19.001	73.134
Bargaon	24	24.632	73.683
Ganeshpur	16	21.150	79.644
Kavundanpalaiyam	25	11.162	77.262
Barhi Majra	10	30.114	77.305
Paralam	13	10.459	76.194
Santpur	24	24.471	72.770
Kantilo	21	20.362	85.192
Maheshari	10	28.215	76.822
Nandej	09	22.896	72.679
Pali	16	18.538	73.222
Rakhabh Dev	24	24.076	73.693
Pardi Kanade	09	21.094	72.877
Tiruvalam	25	12.982	79.266
Dabhol	16	17.590	73.180
Paluvai	13	10.578	76.055
Donkamokam	03	25.933	92.707
Tittangulam	25	9.171	77.898
Gandhinagar	25	12.955	79.141
Bhojudih	38	23.640	86.441
Mettuppalaiyam	25	11.450	77.568
Vavdi Bujarg	09	22.775	73.642
Katra	12	32.992	74.932
Zafarabad	36	25.699	82.734
Masinayakkanpatti	25	11.667	78.228
Pali	36	24.492	78.416
Kasipalaiyam	25	11.456	77.331
Parakad	13	10.500	76.154
Cortalim	33	15.402	73.909
Baldeogarh	35	24.756	79.067
Senur	25	12.947	79.107
Ujalaiwadi	16	16.665	74.271
Tiruppundurutti	25	10.862	79.081
Balaga	02	18.315	83.893
Akera	24	27.012	75.809
Radhakishorepur	26	23.537	91.492
Chandiman	10	30.732	76.899
Durga Nagar Part-V	03	24.881	92.882
Mowad	16	21.465	78.451
Kumarmunda	21	22.300	84.783
Mustafabad	10	30.202	77.149
Bogadi	19	12.303	76.598
Khandpara	21	20.264	85.177
Bamna	35	23.095	74.762
Vareli	09	21.177	72.951
Kenduadih	38	23.736	86.374
Minnampalli	25	11.001	78.118
Raipur Rani	10	30.586	77.022
Vilar	25	10.731	79.155
Bhairamgarh	37	19.006	81.059
Chekonidhara	03	26.735	94.211
Dediapada	09	21.628	73.590
Kodivalasa	25	13.255	79.425
Bhilad	09	20.277	72.886
Manamodu	25	11.197	79.595
Ottappatti	25	9.896	78.090
Jorethang	29	27.107	88.323
Sohagi	35	24.982	81.696
Haraiya	36	26.795	82.464
Puttaparthi	02	14.165	77.812
Odugattur	25	12.768	78.883
Tazhakudi	25	8.235	77.453
Lawan	37	21.641	82.341
Krushnanandapur	21	20.359	86.261
Kosmi	35	21.804	80.207
Iklehra	35	23.147	76.390
Chabua	03	27.483	95.175
Amkhera	35	23.213	79.933
Alikherva	09	22.281	73.718
Arimalam	25	10.255	78.884
Barwala	07	28.761	77.063
Baba Bakala	23	31.555	75.264
Dandi	16	19.798	72.765
Chelakara	13	10.693	76.344
Chinnamudalippatti	25	11.244	78.177
Hariana	23	31.635	75.839
Manjeshvar	13	12.713	74.889
Uncha Sawana	10	29.621	76.999
Barigarh	35	25.232	80.035
Nathampannai	25	10.409	78.792
Mogral	13	12.573	74.958
Pallipattu	25	13.339	79.445
Pattanam	25	11.473	78.211
Annavasal	25	10.461	78.700
Chandrapur	09	22.604	70.959
Yelandur	19	12.046	77.030
Mahroni	36	24.586	78.728
Sikandarpur	10	29.415	76.934
Phulpur	36	26.078	82.876
Pudur	25	9.292	78.138
Eriyodu	25	10.517	78.063
Adaikkakuzhi	25	8.308	77.141
Molasur	25	12.939	79.884
Kilkunda	25	11.263	76.654
Narot Mehra	23	32.267	75.565
Mhasal	16	20.750	78.636
Badarpur Railway Town	03	24.871	92.570
Kannavam	13	11.845	75.663
Ayakod	25	8.346	77.299
Bhuwaneshwar	16	18.432	73.123
Eranapuram	25	11.558	77.989
Shamshi	11	31.866	77.147
Tirodi	35	21.685	79.719
Munnuru	19	12.862	75.019
Damonojodi	21	18.763	82.919
Fateh Pur Beri	07	28.458	77.179
Koora	37	21.432	81.665
Ahmadpur	28	23.830	87.687
Amingaon	03	26.185	91.679
Paratdiha	38	24.164	86.307
Manappakkam	25	13.011	80.169
Jhagra Pt.III	03	26.040	89.959
Nandgad	19	15.577	74.569
Birvadi	16	18.102	73.508
Maragondahalli	19	12.834	77.656
Sethiyathope	25	11.437	79.543
Tiruppalaikudi	25	9.546	78.917
Koolimuttam	13	10.286	76.136
Rajabhita	38	23.867	86.333
Tikaitnagar	36	26.946	81.566
Sayadpur	21	20.728	86.401
Kelhauri	35	23.187	81.631
Teok	03	26.832	94.417
Kothi	35	24.753	80.778
Naya Baradwar	37	22.010	82.818
Azara	03	26.124	91.612
Boraj	24	26.454	74.610
Dhanwar	38	24.411	85.982
Muttargi	40	17.541	78.227
Bicholi Hapsi	35	22.715	75.939
Kunnattur	25	11.273	77.411
Saori	16	21.112	79.546
Dharmaragar	26	24.349	92.131
Parwanoo	11	30.837	76.961
Bhigvan	16	18.301	74.767
Tarapur Pt VI	03	24.852	92.767
Sarupathar Bengali	03	27.341	95.314
Utai	37	21.117	81.383
Gogunda	24	24.758	73.530
Hamren	03	25.847	92.574
Andro	17	24.749	94.043
Gawan	36	28.420	78.352
Medziphema	20	25.758	93.865
Pannaikadu	25	10.279	77.628
Nadaikavu	25	8.291	77.148
Satiawala	23	30.927	74.646
Bageshwar	39	29.837	79.772
Jalukie	20	25.647	93.661
Barauda	35	23.558	75.249
Chinnampalaiyam	25	10.660	77.025
Ramgarh	34	25.289	83.654
Sultanpur	16	20.087	76.519
Idigarai	25	11.118	76.969
Kadipikonda	40	17.964	79.510
Kurgunta	19	17.193	77.358
Katpur	09	21.059	71.795
Munirabad	19	15.309	76.338
Baruwali	23	30.538	74.654
Roha	09	23.196	69.271
Nazarathpettai	25	13.047	80.080
Parbatipur	28	22.663	88.222
Baragaon	36	25.476	78.712
Kinattukkadavu	25	10.822	77.020
Ran	09	22.179	69.333
Balakrishnanpatti	25	11.239	78.486
Rees	16	18.895	73.200
Barajamda	38	22.165	85.427
Bhorgarh	07	28.829	77.095
Midalam	25	8.222	77.262
Gokul Shirgaon	16	16.643	74.274
Perumpandi	25	10.969	79.374
Bargawan	38	23.319	85.390
Gundardehi	37	20.946	81.289
Puzhakkal	13	10.547	76.178
Dehri	35	22.668	75.520
Belvata	19	12.355	76.650
Bhokra	16	21.228	79.068
Pipla	35	21.591	78.735
Torpa	38	22.936	85.089
Mataundh	36	25.436	80.157
Kolvi	24	23.942	75.599
Pippara	02	16.717	81.550
Ghaghra	38	23.267	84.553
Kwakta	17	24.448	93.730
Lalam	13	9.717	76.700
Palari	37	21.536	82.159
Ammapettai	25	11.620	77.743
Chittode	25	11.395	77.659
Lavachha	09	20.296	72.990
Thevur	25	11.524	77.754
Korukollu	02	16.500	81.250
Kattimancode	25	8.191	77.353
Nandambakkam	25	12.978	80.068
Nangal Chaudhri	10	27.893	76.112
Kotra	36	25.808	79.309
Valpoi	33	15.532	74.137
Belsor	03	26.382	91.352
Manalurpettai	25	12.008	79.092
Sultanpur	39	29.755	78.110
Manu	26	23.999	91.989
Sundarapandiyam	25	9.613	77.674
Dahi	35	22.112	74.588
Malhar	37	21.893	82.283
Kurmur	21	18.755	82.938
Sulebhavi	19	15.896	74.655
Chhapera	35	23.895	76.454
Amguri	03	26.815	94.526
Bagnan	28	22.933	88.139
Bamora	35	24.055	78.089
Kavundaneri	25	11.574	77.980
Boh	23	30.381	76.880
Gond Pipri	16	19.715	79.686
Darapur	12	34.512	74.414
Shirud	16	20.735	74.892
Kakarati	35	24.564	80.266
Dhilwan	23	31.514	75.346
Jetpur	09	22.345	73.841
Mel Seval	25	8.672	77.615
Pareo	34	25.558	84.802
Moran Town	03	27.187	94.915
Attani	25	11.522	77.512
Semmipalaiyam	25	11.009	77.236
Pithora	37	21.250	82.517
Ramgarh	35	25.891	78.329
Amarkantak	35	22.675	81.759
Chail	36	25.427	81.632
Chinnatadagam	25	11.082	76.867
Sanchi	35	23.486	77.738
Bissamcuttack	21	19.512	83.506
Dahali	03	26.097	91.498
Jaithari	35	23.041	81.798
Nilpur	23	30.469	76.580
Jaithari	35	23.209	78.615
Attippatti	25	9.494	78.127
Nilambur	25	11.059	77.084
Chhapi	09	24.032	72.401
Vanmenad	13	10.557	76.062
Ramsin	24	25.005	72.547
Than-Khamharia	37	21.800	81.338
Bijeraghogarh	35	23.996	80.607
Bomdila	30	27.265	92.425
Maibong	03	25.301	93.138
Vavarai	25	8.292	77.162
Desamangalam	13	10.755	76.232
Tikarapara	21	19.624	83.495
Alagapuram	25	11.887	78.918
Perur	25	10.975	76.913
Rakholi	52	20.217	73.033
Dommaranandyala	02	14.864	78.364
Tiruvengadam	25	9.259	77.675
Mandrem	33	15.653	73.723
Raghunandanpur	28	24.651	87.973
Wail	12	34.271	74.804
Tarabha	21	20.733	83.674
Malhargarh	35	24.283	74.990
Vallalappatti	25	10.058	78.287
Bibinagar	40	17.473	78.796
Rasikpur	38	24.285	87.254
Borpukhuri	03	26.016	92.845
Pimpalgaon	16	20.413	78.128
Antu	36	26.057	81.903
Puduppatti	25	9.617	77.638
Kandri	16	21.420	79.277
Gonikoppal	19	12.183	75.929
Deogiri	16	20.319	77.796
Piploda	35	23.607	74.942
Majhgawan	35	24.921	80.808
Nandesari INA	09	22.406	73.095
Simaluguri	03	26.919	94.757
Behlana	05	30.678	76.801
Balapur	40	17.310	78.500
Vilavancode	25	8.313	77.205
Isnapuram	40	17.542	78.199
Kilvelur	25	10.767	79.742
Bohari	03	26.254	91.139
Saraiya	34	24.801	84.082
Varadarajampettai	25	11.355	79.419
Konra	38	24.310	85.422
Sorala	21	19.131	84.751
Borim	33	15.367	74.000
Khera Kalan	07	28.774	77.117
Tangellamudi	02	16.721	81.105
Niwas	35	23.046	80.445
Doiwala	39	30.177	78.117
Golakganj	03	26.102	89.823
Srigobindpur	23	31.689	75.478
Chhurikala	37	22.481	82.613
Religara	38	23.713	85.361
Jasai	16	18.932	73.019
Jaisinghnagar	35	23.686	81.391
Seer Hamdan	12	33.789	75.243
Chinniyampalaiyam	25	11.056	77.064
Partibanur	25	9.585	78.455
Chatibor Gaon	03	26.518	90.523
Mehmand	37	22.037	82.196
Tidavur	25	11.494	78.697
Bed	09	22.431	69.900
Usuppur	25	11.382	79.697
Tundra	37	21.677	82.609
Lelanga	37	22.392	83.581
Dhola	09	21.881	71.773
Iawar	35	23.009	76.501
Kangarali-khurd	19	15.895	74.499
Lansdowne	39	29.842	78.680
Umsning	18	25.736	91.888
Beerwah	12	34.012	74.596
Chainpur	38	24.012	84.047
Velappakkam	25	12.853	79.296
Ramnagar	12	32.807	75.311
Priol	33	15.417	73.983
Rohru	11	31.203	77.755
Kandra	38	22.852	86.052
Mudashedde	19	12.934	74.892
Majgaon	03	26.652	92.791
Vellookkara	13	10.323	76.216
Abiramam	25	9.442	78.440
Barmhan Kalan	35	23.035	79.021
Jena	38	23.676	86.018
Sanivarapupeta	02	16.730	81.078
Chitalwana	24	24.909	71.661
Makkinayakkinpatti	25	10.645	77.029
Milattur	25	10.858	79.239
Bhanupratappur	37	20.310	81.073
Covelong	25	12.787	80.251
Jaffrabad	25	12.691	78.608
Azhikkal	13	11.940	75.305
Badagrama	19	13.191	74.747
Reodhar	24	24.620	72.526
Naginimora	20	26.815	94.811
Uduma	13	12.436	75.018
Mangasamudram	02	13.229	79.091
Sarbhog	03	26.489	90.884
Chennasamudram	25	11.059	77.900
Kalundri	16	18.980	73.127
Riasi	12	33.081	74.832
Hirdepur	35	23.827	79.424
Saha	10	30.312	76.977
Manali	11	32.257	77.175
Dharapur	03	26.150	91.642
Vehicle Factory Area Jabalpur	35	23.227	79.977
Musafir-Khana	36	26.378	81.796
Gokak Falls	19	16.188	74.778
Nasvadi	09	22.045	73.732
Tajpura	25	12.893	79.319
Satghara	34	26.398	86.168
Nuapatna	21	20.446	85.469
Kumar Kaibarta Gaon	03	26.751	94.236
Wangjing	17	24.589	94.064
Kolki	16	17.979	74.450
Reis Magos	33	15.508	73.810
Rupahi Town	03	26.420	92.746
Bhatgaon	37	21.150	81.700
Peddikuppam	25	13.441	80.122
Vijaypur	12	32.565	75.019
Dondi	37	20.488	81.087
Edakkalathur	13	10.593	76.123
Bilaspur	36	28.391	77.624
Sirukkaveripakkam	25	12.853	79.677
Bhimarayanagudi	19	16.726	76.798
Sarimpur	34	25.588	83.993
Lapanga	38	23.633	85.377
Pudur	25	8.869	77.994
Sarila	36	25.776	79.675
Iduvay	25	11.079	77.285
Arjyapalli Marine	21	19.317	84.974
Jasrasar	24	27.707	73.813
Jhulasan	09	23.329	72.473
Muzhucode	25	8.362	77.228
Ratangarh	35	24.817	75.117
Suvani	21	19.133	84.715
Bara Bazar	28	22.567	88.350
Gamharia	35	23.860	78.814
Tanr Balidih	38	23.669	86.050
Tonk Khurd	35	23.098	76.216
Mahindale	16	20.905	74.748
Eklahra	35	22.204	78.689
Ambicapur Pt VI	03	24.783	92.789
Talkhapur Dumra	34	26.561	85.507
Bamboo Flat	01	11.700	92.717
Nidanpur Pt-II	03	26.023	90.304
Dekan	35	24.706	75.104
Veppathur	25	11.016	79.442
Jaijepur	37	21.831	82.816
Bashettihalli	19	13.262	77.554
Tira Sujanpur	11	31.834	76.505
Hanspura	34	25.057	84.549
Pail	23	30.721	76.060
Nambutalai	25	9.728	79.007
Periyanegamam	25	10.743	77.103
Barika Chuburi	03	26.636	92.809
Tonse East	19	13.396	74.722
Puvalur	25	10.899	78.830
Kanwat	24	27.589	75.699
Alamelumangapuram	25	12.942	79.187
Ghumarwin	11	31.442	76.715
Purihasa	38	22.745	86.193
Garhi Harsaru	10	28.445	76.939
Dehari	09	20.153	72.741
Rampur	21	20.198	83.520
Kottaikavundanpatti	25	11.720	78.069
Erei	21	21.087	86.527
Barwadih	38	23.848	84.110
Chintapalle	02	17.871	82.351
Mamit	31	23.927	92.490
Sahapur	28	22.524	88.167
Avanur	13	10.602	76.175
Ordnance Factory Itarsi	35	22.573	77.865
Shangus	12	33.697	75.284
Sewai	38	23.618	85.678
Cherpu	13	10.431	76.199
Tuli	20	26.664	94.642
Gangadharpur	28	22.760	88.220
Bandhgora	38	23.621	86.147
Dabra	37	21.780	83.082
Pottor	13	10.579	76.203
Minakshipuram	25	9.991	77.371
Amini	14	11.114	72.719
Titabar	03	26.601	94.204
Pardi Sondhpur	09	20.620	72.940
Nallur	25	8.870	77.517
Banavar	19	13.410	76.163
Elattur	25	11.387	77.308
Sedaikavundanur	25	11.640	78.181
Seethanagaram	02	17.177	81.692
Alawalpur	23	31.432	75.656
Uppinangadi	19	12.836	75.246
Malayadi	25	8.361	77.179
Sakit	36	27.435	78.779
Yerrabalem	02	13.705	80.019
Narikombu	19	12.885	75.054
Parol	12	32.346	75.434
Rasulabad	36	26.745	80.490
Nallakavundanpalaiyam	25	11.592	78.014
Kurpania	38	23.792	85.932
Jhakal Mandi	10	29.808	75.825
Chicalim	33	15.398	73.842
Vilachcheri	25	9.894	78.060
Meru	38	24.010	85.467
Settithangal	25	12.957	79.337
Narasimharajapura	19	13.611	75.512
Dandedih	38	24.163	86.327
Mallar	19	13.214	74.761
Pipodara	09	21.361	72.960
Chandrapada	16	19.362	72.882
Kannanur	25	8.279	77.292
Beltangadi	19	12.979	75.270
Dalavaipatti	25	11.661	78.083
Kawnpur	31	24.048	92.676
Ammanur	25	13.065	79.653
Barkot	39	30.809	78.206
Thaikattussery	13	10.460	76.244
Fateh Nangal	23	31.945	75.319
Piploda	35	23.350	75.433
Bhavanisagar	25	11.481	77.129
Uppiliyapuram	25	11.264	78.514
Tangapur	40	16.396	78.627
Agatti	14	10.835	72.182
Virinchipuram	25	12.923	79.022
Palod	09	21.385	72.958
Kandanur	25	10.104	78.825
Nizampur	16	21.113	74.331
Chandrapur	37	21.708	83.235
Irongmara	03	24.689	92.742
Mangvadi	16	18.431	73.860
Harduli	35	22.928	79.903
Jhagrakhand	37	23.194	82.198
Akalgarh	23	30.760	75.646
Kulappuram	25	8.322	77.149
Beltangadi	19	13.983	75.300
Vaithisvarankoil	25	11.196	79.707
Nattalam	25	8.280	77.235
Tarichar Kalan	35	25.412	78.890
Bajna	36	27.898	77.678
Mundathikod	13	10.645	76.195
Bhugor	24	27.517	76.610
Jamwa Ramgarh	24	27.020	76.011
Virudampattu	25	12.959	79.144
Barpathar	03	26.287	93.888
Kodannur	13	10.466	76.184
Doha	10	27.678	76.936
Outabgarh	07	28.801	76.962
Belthangady	19	12.988	75.282
Shiravagilu	13	12.549	74.988
Bamun Sualkuchi	03	26.168	91.582
Waghoda	16	21.373	78.935
Mathurapur	34	25.871	85.788
Aligarh	24	25.965	76.083
Belluru	19	12.981	76.733
Rekurti	40	18.469	79.112
Pavali	25	9.602	77.921
Manpur	35	22.432	75.621
Vellavadanparappu	25	11.185	77.842
Daulatpur	28	25.326	88.330
Ateli Mandi	10	28.101	76.260
Terur	25	8.173	77.465
Sorbhog	03	26.486	90.886
Longleng	20	26.490	94.818
Navalur	25	12.845	80.226
Gogapur	35	23.557	75.517
Manda	16	19.568	72.797
Jangalpur	38	23.827	86.579
Nakkapalle	02	17.408	82.717
Dalhousie	11	32.552	75.947
Periyakkurichchi	25	11.540	79.489
Nadigaon	36	26.108	79.023
Garhdiwala	23	31.741	75.756
Rail	23	30.999	76.468
Ahmadabad Cantonment	09	23.048	72.610
Rakh Gadi Garh	12	32.669	74.839
Sembianallur	25	11.177	77.241
Kherwara	24	23.986	73.595
Kattrivedu	25	13.138	80.204
Murmari	16	21.073	79.828
Puduppatti	25	11.152	78.212
Malaudh	23	30.633	75.936
Padri	34	26.164	85.912
Mutge	19	15.866	74.592
Paiyur	25	12.671	79.302
Kumaranellur	13	10.670	76.248
Bhakhara	37	20.900	81.603
Gogipeth	19	16.735	76.744
Kochpara	03	26.089	91.532
Chantongia	20	26.546	94.686
Koonimedu	25	12.085	79.889
Maan	16	18.581	73.704
Kotar	35	24.698	80.981
Murda	33	15.480	73.854
Sunari Kalan	10	28.861	76.569
Gamharia	38	22.809	86.103
Nachiyar Koil	25	10.920	79.446
Nimbhora Budrukh	16	21.049	75.842
Bishunpur Urf Maharajganj	36	26.259	83.116
Valantaravai	25	9.339	78.887
Borgaon	35	21.561	78.813
Tarapur	16	19.865	72.684
Ghorawal	36	24.755	82.780
Malanpur	35	26.357	78.287
Dera Nanak	23	32.037	75.028
Kegaon	16	18.896	72.913
Kuruppanayakkanpalaiyam	25	11.464	77.694
P. J. Cholapuram	25	10.906	78.279
Sargaon	37	21.901	81.977
Jajang	21	21.938	85.442
Chikhli	09	20.758	73.063
Puduppatti	25	11.496	78.271
Kangpokpi	17	25.153	93.972
Kadipur	36	26.168	82.370
Yechagam	12	33.987	74.752
Tholur	13	10.572	76.129
Ukal	09	21.237	73.578
Tarapur	34	25.091	86.662
Kusmi	37	23.284	83.908
Sanjeli	09	23.058	73.970
Indargarh	24	25.728	76.190
Marwad	52	20.438	72.832
Vengambur	25	11.105	77.878
Gidam	37	18.974	81.399
Xeldem	33	15.250	74.083
Tokuru	19	12.964	74.838
Kurkhera	16	20.618	80.209
Sirgora	35	22.206	78.883
Venkatapuram	25	12.534	78.202
Sironcha	16	18.848	79.964
Alamadi	25	13.209	80.110
Airavadanallur	25	9.906	78.155
Gotamara	21	20.858	85.203
Kot Fatah	23	30.113	75.087
Jakhal	10	29.796	75.824
Lathikata	21	22.131	84.890
Narsingarh	26	23.910	91.251
Kandanvilai	25	8.207	77.328
Kannamangalam	25	12.752	79.148
Parichha	36	25.508	78.760
Tumgaon	37	21.191	82.123
Saidpura	34	25.577	85.045
Sikhong Sekmai	17	24.638	94.093
Maheshlundi	38	24.176	86.266
Numaligarh	03	26.622	93.722
Ant	36	27.443	80.469
Nongumlong	18	25.564	91.831
Palakurthy	40	18.717	79.381
Jamunamukh	03	26.101	92.743
Kotla Mahigiran	07	28.537	77.281
Khed	16	18.338	73.847
Ukwa	35	21.971	80.466
Nagam	12	33.926	74.792
Manavalassery	13	10.361	76.172
Kukkudakhandi	21	19.394	84.755
Kanisail Pt I	03	24.855	92.370
Asudubi	03	26.023	90.666
Perumanallur	25	11.205	77.359
Chinchinim	33	15.214	73.976
Hat	10	29.332	76.615
Rehambal	12	32.898	75.068
Kainoor	13	10.499	76.279
Jiribam	17	24.804	93.121
Vadghar	16	18.983	73.104
Amargarh	23	30.462	76.014
Dharchula	39	29.847	80.520
Vembadithalam	25	11.567	78.011
Haripur	28	22.936	88.232
Kunnattur	25	12.348	78.510
Krishnapur	28	22.670	88.269
Ramban	12	33.243	75.235
Jagannathpur	38	22.221	85.639
Desula	24	27.532	76.679
Chuhal	23	31.595	75.968
Panchet	38	23.688	86.757
Sardarpur	35	22.666	74.977
Silewara	16	21.291	79.124
Karadipatti	25	9.918	78.024
Swamimalai	25	10.957	79.329
Kismatpur	40	17.334	78.392
Gohand	36	25.699	79.546
Uppalavadi	25	11.765	79.776
Adbhar	37	21.953	83.025
Dih	36	26.143	81.409
Bhadson	23	30.507	76.247
Chittarkonda	21	18.125	82.109
Pandamangalam	25	11.103	77.967
Thenzawl	31	23.317	92.750
Swroop Nagar	35	23.827	77.942
Ariyur	25	12.876	79.103
Kadma	38	23.987	85.345
Dornapal	37	18.155	81.509
Talipadi	19	13.066	74.854
Khapar	16	21.533	73.931
Jarhi	37	23.359	83.045
Somvarpet	19	12.597	75.850
Morewadi	16	16.662	74.254
Vijayapuri	25	11.245	77.501
Alandurai	25	10.953	76.790
Gopalpur	21	19.259	84.905
Khaira	07	28.594	76.970
Kharsawan	38	22.791	85.831
Saragaon	37	21.987	82.756
Sathamba	09	23.171	73.328
Kudus	16	19.534	73.101
Perungulam	25	8.641	77.998
Talera	24	25.316	75.733
Nurpur	34	25.424	86.044
Jarod	09	22.439	73.335
Hnahthial	31	22.966	92.930
Bekobar	38	24.419	85.589
Sirsia	38	24.212	86.313
Kaiparamba	13	10.608	76.139
Gandhisagar Colony	35	24.690	75.567
Birpur	12	32.662	74.952
Mairabari Town	03	26.454	92.423
Mahur	03	25.183	93.113
Neykuppai	25	10.221	78.536
Oinam	17	24.689	93.813
Babugarh	36	28.724	77.847
Hathwa	34	26.355	84.298
Goregaon	16	18.155	73.291
Kumarpur	38	24.681	87.841
Pettampalaiyam	25	11.350	77.571
Taipi Duidam	30	27.291	96.044
Manakkody	13	10.486	76.170
Mulaguntapadu	02	15.264	80.020
Harnai	16	17.813	73.097
Neemrana	24	27.992	76.385
Sabroom	26	23.002	91.724
Mohpa	16	21.310	78.830
Banbasa	36	28.991	80.076
Moranha	03	27.187	94.916
Vanavasi	25	11.750	77.880
Viraganur	25	9.904	78.155
Ghansor	35	22.660	79.950
Akaira	10	28.231	76.851
Bhakarsahi	21	20.186	86.010
Mirjhapar	09	23.219	69.634
Karachiya	09	22.379	73.133
Kallettumkara	13	10.344	76.268
Sankarnagar	25	8.797	77.734
Upar Hali	03	26.103	91.509
Chhuikhadan	37	21.523	80.998
Bonaigarh	21	21.822	84.952
Lalsingi	21	19.947	84.571
Ambaliyasan	09	23.450	72.423
Chennamukkapalle	02	14.060	78.770
Koni	37	22.122	82.134
Kurgahalli	19	12.355	76.577
Badagal Ulipadi	19	12.952	74.958
Kodiyal	19	14.517	75.790
Palachaurai	35	22.200	78.659
Guirim	33	15.576	73.807
Mera	38	23.756	86.794
Kabri	10	29.428	76.940
Sarai Khas	23	31.409	75.511
Briddhanagar	26	23.845	91.351
Kuvettu	19	12.981	75.254
Pal	16	21.362	75.901
Konta	40	17.805	81.387
Adyar	19	12.870	74.923
Nagri	35	23.848	75.144
Kujjanur	25	9.874	77.375
Kherliganj	24	24.881	76.668
Lohara	37	21.850	81.133
Watargam	12	34.319	74.374
Batarashi	03	24.869	92.335
Inda Chhoi	10	29.640	75.790
Khamharia	37	20.976	82.251
Daringbarhi	21	19.907	84.124
Khan Pur Dhani	07	28.710	77.283
Akalgarh	23	29.821	75.891
Chittilapilli	13	10.566	76.153
Ayyanur Teppakkuttai	25	11.596	77.984
Ghanaur	23	30.331	76.612
Barhagarh	21	19.645	84.408
Panaikulam	25	9.376	78.954
Ray	38	23.684	85.055
Tarapur VII	03	24.813	92.782
Umbergaon INA	09	20.169	72.775
Malpur	09	23.360	73.466
Tilodih	38	24.212	86.247
Nanguneri	25	8.493	77.658
Borio	38	25.034	87.593
Uttar Krishnapur Part-I	03	24.791	92.793
Adri	09	20.966	70.289
Borlai Panchaitan	16	18.170	73.004
Chatrapatti	25	9.345	77.921
Badh Malak	10	28.920	77.096
Hariharpur	38	23.889	86.131
Antaliya	09	20.765	72.991
Gudari	21	19.348	83.781
Khore	12	32.823	74.511
Sunderbani	12	33.048	74.488
Venkatapura	19	14.032	74.533
Saria	37	21.640	83.363
Risama	16	21.365	80.371
Bijepur	21	21.189	83.461
Sohela	21	21.302	83.398
Sarthebari	03	26.363	91.223
Kilpuduppakkam	25	12.680	79.545
Daspalla	21	20.340	84.847
Galiakot	24	23.520	74.020
Ladrawan	10	28.787	76.937
Mansar	16	21.396	79.263
Balipatapur	21	19.936	85.497
Anantapuram	25	12.119	79.382
Kondamanayakkanpatti	25	11.710	78.177
Semarwara	24	23.567	73.743
Gopalpur	28	22.618	88.751
Mel Pattambakkam	25	11.788	79.628
Bambolim	33	15.464	73.853
Ghoh	23	32.330	75.675
Sanuru	19	13.175	74.992
Chinnamanali	25	11.394	78.084
Gheora	07	28.694	77.002
Padmabil	03	26.436	89.963
Asan Khurd	10	29.404	76.873
Khaliapali	21	21.364	83.616
Hat Saraiya	34	26.795	84.485
Katra	36	27.509	82.026
Queula	33	15.390	73.986
Gunghasa	38	23.862	86.178
Charhi	38	23.854	85.445
Anwaram	40	17.633	78.380
Manjalumoodu	25	8.375	77.222
Khuda Alisher	05	30.775	76.812
Baddowal	23	30.861	75.747
Bhat	09	23.103	72.636
Bahbari Gaon	03	27.481	95.326
Pipri	35	22.063	75.401
Majhauli Khetal	34	26.110	85.366
Soanpeta	40	18.970	78.356
Paloor	25	8.243	77.236
Todi	24	25.112	74.261
Elayirampannai	25	9.270	77.825
Harekala	19	12.843	74.915
Moragudi	02	14.863	78.379
Murakambattu	02	13.246	79.119
Varamballi	19	13.364	74.763
Choozhal	25	8.310	77.128
Rudravati	25	10.874	77.410
Jabera	35	23.558	79.678
Kotba	37	22.439	83.740
Cholapuram	25	11.054	79.413
Vilholi	16	19.923	73.717
Khamari	16	21.427	80.234
Nerinjippettai	25	11.654	77.759
Kevadiya	09	21.886	73.702
Badhni Kalan	23	30.681	75.291
Chandan Hola	07	28.469	77.183
Antagarh	37	20.093	81.159
Sahnidih	38	23.782	86.251
Dumra	38	23.796	86.214
Rosera	35	22.942	79.215
Kaladhungi	39	29.284	79.351
Koira	21	21.905	85.242
Osmania University	40	17.413	78.526
Morjim	33	15.631	73.739
Lohaghat	39	29.404	80.090
Mandai	35	23.219	79.985
Surankot	12	33.627	74.275
Pedda bhogili	02	18.661	83.378
Eyyal	13	10.655	76.117
Kottapuram	13	10.680	76.194
Itaunja	36	27.083	80.897
Selamba	09	21.518	73.822
Sapotra	24	26.293	76.752
Waghai	09	20.770	73.501
Kantabamsuguda	02	18.323	82.883
Veparala	02	14.857	78.348
Kiadgira	40	17.253	77.433
Shivrajpur	09	22.423	73.609
Anwari	34	25.153	83.623
Dabolim	33	15.399	73.856
Sabathu	11	30.975	76.991
Khaur	12	32.603	74.809
Mandavla	24	25.426	72.519
Rangapahar	03	25.856	93.705
Donimalai Township	19	15.060	76.592
Ekangar Sarai	34	25.223	85.230
Kandasar	21	20.842	85.143
Selattanpatti	25	11.663	78.095
Bheraghat	35	23.132	79.801
Sheragada	21	19.513	84.604
Ammapattinam	25	10.015	79.231
Deomali	30	27.193	95.467
Narsapuram	40	18.100	78.880
Kambe	16	19.312	73.036
Barsur	37	19.136	81.384
Padghe	16	19.367	73.176
Verna	33	15.355	73.925
Bhim Tal	39	29.344	79.563
Bhuindhara	34	25.852	85.761
Ramapuram	02	15.138	78.116
Banda	16	15.812	73.861
Pondarkanali	38	23.770	86.352
Takhlibilar Pathar	03	26.500	90.935
Bontapalli	40	17.662	78.364
Aldona	33	15.593	73.875
Alur	19	12.978	75.991
Hiramandalam	02	18.671	83.951
Naoghar	16	18.892	72.986
Kumbhkot	24	24.618	76.001
Aamadi	37	20.771	81.490
Lawa Sardargarh	24	25.239	73.989
Got	36	28.851	78.836
Bhagwantnagar	36	26.224	80.757
Maro	37	21.867	81.859
Tayikkad	13	10.592	76.061
Auras	36	26.914	80.508
Purne	16	19.259	73.027
Chengappalli	25	11.199	77.423
Kadiganahalli	19	13.169	77.628
Vanganur	25	13.183	79.455
Jafarpur Kalan	07	28.590	76.920
Chanari	34	24.916	83.797
Corlim	33	15.496	73.934
S. Rayavaram	02	17.455	82.806
Shivnandanpur	37	23.190	82.953
Surgana	16	20.560	73.637
Anjira	21	20.826	86.034
Cholapuram	25	9.352	77.568
Seota	38	23.668	85.521
Kokernag	12	33.578	75.318
Sater	35	22.570	75.779
Yingkiong	30	28.610	95.048
Matarbari	26	23.507	91.497
Naurhiya	35	24.207	82.565
Sarpara	03	26.095	91.518
Aish Maqam	12	33.865	75.284
Ugu	36	26.797	80.321
Dhorimanna	24	25.204	71.437
Mitraon	07	28.606	76.946
Aquem	33	15.258	73.986
Khandbara	16	21.306	74.044
Porkolam	13	10.677	76.069
Narharpur	37	20.449	81.620
Sangramnagar	16	17.892	75.006
Ambivali T. Tungartan	16	18.898	73.173
Kuwarbav	16	16.994	73.356
Manwal	23	32.303	75.676
Oran	36	25.369	80.742
Dhali	25	10.510	77.188
Kiranur	25	10.594	77.503
Sravana Belgola	19	12.857	76.489
Chadoora	12	33.945	74.797
Jalah	03	26.238	91.720
Kumsi	19	14.055	75.400
Perumbakkam	25	13.039	79.813
Belma	19	12.814	74.905
Tola Mansaraut	34	26.801	84.539
Koradacheri	25	10.770	79.492
Mayakonda	19	14.289	76.083
Narsingi	40	18.045	78.425
Sanguem	33	15.229	74.151
Maharajganj	36	26.381	81.274
Katangi	16	21.485	80.203
Bhapur	21	20.174	86.006
Khairi	35	22.598	80.392
Kadakola	19	12.192	76.666
Silaiman	25	9.873	78.191
Gangaikondan	25	11.539	79.477
Jam	40	19.193	78.279
Saranga	21	20.926	85.264
Kilampadi	25	11.204	77.843
Radhakund	36	27.524	77.491
Agastinuagan	21	19.370	85.034
Bighapur Khurd	36	26.347	80.657
Dari	38	23.722	85.384
Ram Das	23	31.967	74.909
Satrampadu	02	16.706	81.074
Karmatanr	38	23.823	86.524
Sini	38	22.793	85.945
Mahlidih	38	23.808	86.354
Phariha	36	27.322	78.473
Salvador do Mundo	33	15.530	73.836
Pallippadai	25	11.410	79.707
Chidiga	02	16.963	82.212
Rathian	12	32.895	75.131
Kariyannur	13	10.681	76.163
Khatiguda	21	19.238	82.788
Puliyoorsalai	25	8.420	77.197
Bhore	12	32.667	74.829
Muraidih	38	23.810	86.239
Bali Koria	03	26.439	91.422
Deokar	37	21.567	81.317
Raghunathpur	34	25.645	87.918
Patharia	37	22.018	81.835
Buna Hir	12	34.524	74.203
Rengali	21	21.254	85.033
Baral	24	25.918	74.629
Guhala	24	27.691	75.636
Karugampattur	25	12.926	79.105
Jainur	40	19.373	78.908
Dhanal	16	21.151	79.542
Asarganj	34	25.150	86.686
Akdoni Khurd	38	24.158	86.280
Koradi	16	21.248	79.106
Mamnur	40	17.909	79.593
Chota Haibor	03	26.331	92.694
Hirapur	35	21.842	80.240
Tseminyu	20	25.925	94.216
Silchar Part-X	03	24.817	92.814
Daryapur Kalan	07	28.814	77.011
Parasgaon	37	19.862	81.640
Alevur	19	13.310	74.789
Dumari urf Damodarpur Shahjahan	34	26.105	85.358
Sunakhala	21	20.167	85.332
Garimellapadu	40	17.539	80.622
Hesla	38	24.063	85.879
Badamba	21	20.419	85.345
Ambara	35	22.190	78.671
Magarlor	37	20.749	81.852
Pub - Dhaniram Pather	03	26.014	92.872
Saligao	33	15.554	73.790
Vaddeswaram	02	16.447	80.613
Jagadapatnam	25	9.968	79.190
Dungamal	21	19.680	85.182
Lakhanpur	37	22.988	83.036
Kawlet	19	14.522	75.775
Apra	23	31.086	75.879
Parabada	09	23.598	72.949
Bhagal Jagana	09	24.126	72.386
Sivunipalli	40	17.844	79.382
Tadikarakonam	25	8.330	77.415
Changlang	30	27.132	95.735
Chikjajur	19	14.127	76.141
Kila Ambur	25	8.761	77.401
Tumbe	19	12.868	74.988
Chakkarappalli	25	10.900	79.199
Shankrampet	40	18.049	77.914
Loisinga	21	20.867	83.517
Kanakpur I	03	24.795	92.806
Madkai	33	15.414	73.940
Manikkapuram	25	11.025	77.275
Rampur	11	31.449	77.631
Gorur	19	12.823	76.065
Tenkanidiyur	19	13.369	74.710
Sanri	38	23.683	85.506
Mawpat	18	25.599	91.925
Sangrampur	38	24.674	87.847
Katirail T.E.	03	24.909	92.580
Minakshinayakkanpatti	25	10.376	77.957
Vellanikkara	13	10.547	76.258
Anantpur	16	19.933	75.012
Mulanpur	23	30.800	76.744
Digvijaygram	09	22.432	69.833
Chikhlakasa	37	20.600	81.078
Rahud	37	21.813	82.506
Mukhiguda	21	19.440	82.851
Peralam	25	10.963	79.661
Arumbanur	25	9.994	78.192
Wardhamna	16	21.127	78.950
Arak	34	25.612	84.222
Cherlopalle	02	13.614	79.365
Amboli	09	21.289	72.951
Kirnapur	35	21.626	80.331
Markkayankottai	25	9.853	77.360
Dehu	16	18.719	73.766
Singtam	29	27.235	88.502
Londa	19	15.469	74.519
Budhapanka	21	20.858	85.242
Forest Village Lakhipathar	03	27.453	95.581
Nagrota	11	32.057	76.091
Tada Khandrika	02	13.589	80.034
Tar	34	25.396	84.343
Minalur	13	10.625	76.221
Ponnampet	19	12.145	75.945
Sirukalathur	25	12.982	80.055
Heingang	17	24.857	93.947
Gandipuram	25	8.180	77.445
Dungarpur	09	21.288	71.756
Kishanpur	36	25.642	81.023
Chhura	37	20.811	82.209
Varphalia	16	21.828	74.219
Hajipur	23	31.977	75.754
Uttar Athiabari	03	26.523	90.962
Peruvila	25	8.185	77.396
Topchanchi	38	23.904	86.198
Vellanur	25	13.158	80.106
Vijayanagar	09	23.997	73.286
Pathar	21	19.642	85.167
Tola Chain	34	24.741	86.407
Hirapur Hamesha	16	21.555	79.786
Jhompra	21	21.825	85.568
Patrapur	02	19.132	84.570
Nua	24	28.044	75.272
Wadrupnagar	37	23.766	83.206
Sivar	16	20.692	77.051
Daundi Lohara	37	20.791	81.056
Palle	33	15.467	74.083
Mayar	10	29.105	75.864
Nanhera	10	30.319	76.848
Virapandiyanpattanam	25	8.519	78.118
Beliator	28	23.321	87.221
Khori Kalan	10	28.215	76.881
Ghatal Mahaniawas	10	28.221	76.841
Mota Natava	09	23.174	74.045
Naryanpur	03	26.950	93.858
Artist Village	16	19.032	73.043
Bar	09	23.163	73.423
Kovalam	13	8.367	76.997
Masratu	38	23.983	85.324
Nelluvayi	13	10.681	76.182
Meghahatuburu	38	22.072	85.269
Vikramgad	16	19.797	73.095
Sarkar Periyapalaiyam	25	11.131	77.404
Terku Kallikulam	25	8.353	77.664
Narasingam	25	9.966	78.183
Shirgaon	16	19.696	72.715
Godiputamatiapara	21	20.139	85.703
Mirpur	23	30.612	76.853
Dhin	23	31.266	75.609
Ramapuram	02	15.287	77.867
Kanapaka	02	18.115	83.374
Dhodra Mohar	35	22.274	77.886
Rampura	10	28.190	76.602
Dighawani	35	22.206	78.813
Sairang	31	23.810	92.652
Poladpur	16	17.984	73.464
Bay	24	27.314	75.296
Chittanda	13	10.677	76.211
Dappar	23	30.521	76.816
Raighar	37	19.888	82.072
Lau	34	24.946	84.876
Fatehpur Chaurasi	36	26.789	80.265
Niz - Mankata	03	27.464	94.921
Chintalavalasa	02	18.067	83.409
Nattarasankottai	25	9.869	78.553
Nuahata	21	20.836	85.234
Bela	16	21.156	79.618
Chelur	19	13.708	78.099
Nagrota Bagwan	11	32.107	76.377
Beswan	36	27.638	77.880
Sattiyavijayanagaram	25	12.676	79.318
Durena	37	22.382	82.586
Mathadahatti	19	14.239	76.379
Phulwartanr	38	23.773	86.232
Rhenok	29	27.178	88.647
Ghanteshvar	09	22.336	70.753
Bangaon	03	26.417	91.333
Amardad	09	21.697	69.721
Karma Tanr	38	23.919	86.718
Bikkatti	25	11.277	76.626
Onda	33	15.556	74.058
Arsodiya	09	23.249	72.521
Bondantila	19	12.904	74.925
Tola Pairamatihana	34	24.676	86.347
Dasinayakkanpatti	25	11.609	78.144
Akathiyur	13	10.681	76.094
Sajipanadu	19	12.854	74.996
Sarna	23	32.263	75.583
Miao	30	27.493	96.181
Hosanagara	19	13.914	75.065
Pilerne	33	15.534	73.795
Jalgaon	16	17.740	73.191
Mohanpur	34	26.605	85.518
Orla	38	23.723	85.489
Peranamallur	25	12.571	79.433
Morattuppalaiyam	25	11.161	77.409
Bangramanjeshvara	13	12.709	74.895
Kairangala	19	12.797	74.947
Parlli Part	03	26.099	91.540
Saktasanala	09	22.787	70.803
Nagamangalam	25	10.706	78.619
Borivali Tarf Rahur	16	19.375	73.179
Sansari	16	19.906	73.840
Digaru Gaon	03	26.156	91.987
Kauranwali	23	30.384	74.064
Bedla	24	24.634	73.695
Samattur	25	10.603	77.014
Jarjapupeta	02	18.181	83.440
Bangomunda	21	20.343	82.911
Karma	38	24.454	85.551
Pal Lahara	21	21.434	85.192
Sherpura	09	21.714	72.972
Chegunta	40	17.971	78.459
Karvad	09	20.356	72.955
Chalantapara Pt IV	03	26.262	90.585
Bhuma	24	27.783	74.933
Bijrauni	35	24.933	77.644
Melpedu	25	13.156	80.041
Talni	16	19.882	76.473
Pimpalgaon	16	20.145	74.241
Talakkudi	25	10.874	78.718
Campbell Bay	01	7.008	93.894
Bhurivel	09	21.226	73.585
Goyali	24	24.899	72.830
Jhagarwas	24	26.915	74.314
Kodigenahalli	19	13.721	77.386
Salamba	10	28.115	77.046
Colovale	33	15.635	73.824
Behjoga	23	31.938	75.815
Adatt	13	10.544	76.142
Arakandanallur	25	11.972	79.223
Tolur	25	13.131	79.958
Ovari Paravarnattam	25	8.277	77.891
Borla	37	22.164	81.219
Gajapatinagaram	02	18.279	83.336
Niz Katigorah Pt III	03	24.877	92.570
Muduperar	19	12.973	74.938
Bhowali	39	29.390	79.505
Matigara	38	23.781	86.178
Khor	35	24.592	74.815
Bharthana Kosad	09	21.267	72.871
Mahapoli	16	19.406	73.086
Tukhmir Pur	07	28.719	77.260
Tundla	10	30.380	76.857
Goa Velha	33	15.444	73.886
Kharkhari	38	23.778	86.239
Gudur	40	17.492	78.823
Kullada	21	19.969	84.633
Mohmaiki	03	26.636	93.629
Shankar	23	31.148	75.532
Chinnachintakunta	40	16.447	77.806
Partabpur	37	23.485	83.210
Navkawada	16	19.920	79.108
Nowangabra	12	34.362	73.845
Nanpur	35	22.270	74.527
No.2 Goreswar	03	26.531	91.725
Karaivalimadappur	25	11.068	77.159
Mahragaon	35	22.606	77.756
Thekashu Pt.-II	03	25.982	90.788
Ramgarh	12	32.508	74.964
Chandigarh	26	23.502	91.337
Mattur	25	11.321	79.202
Perumagalur	25	10.198	79.192
Bhuran	10	29.353	76.508
Baramkela	37	21.565	83.261
Majhihara	21	20.175	86.000
Chitkul	40	17.559	78.223
Mohanpur	36	28.253	80.245
Kolambe	19	12.965	74.909
Alappakkam	25	11.599	79.719
Chenar Village	24	27.202	73.760
Khardi	16	19.588	73.382
Dusi	25	12.776	79.679
Peringandur	13	10.625	76.199
Puderiyur	25	8.215	77.434
Carapur	33	15.566	73.987
Satraud Khurd	10	29.131	75.788
Tasti Tea Garden	28	26.648	89.147
Ashmuji Khalsa	12	33.671	75.073
Tegheria	03	26.129	92.219
Chandpur	21	19.943	85.407
Hajira INA	09	21.113	72.650
Pugalur Agraharam	25	11.088	78.006
Farward Kahuta	12	33.882	74.107
Pernem	33	15.723	73.795
Kakaya	03	26.364	91.343
Kharijapikon	03	26.033	90.667
Bilaigarh	37	21.638	82.724
Anjani Budruk	16	20.172	76.648
Dwaraka Tirumala	02	16.954	81.256
Garra	35	21.809	80.141
Venginissery	13	10.468	76.201
Ladpur	07	28.738	76.995
Valathoor	25	12.887	78.846
Belagachhia	21	20.423	85.852
Pali	37	22.378	82.326
Kandragadia	21	21.007	85.737
Niramargar	19	12.886	74.915
Samayapuram	25	10.924	78.743
Thanna Mandi	12	33.542	74.381
Salvav	09	20.409	72.922
Khambra on Nakodar Road	23	31.274	75.557
Fulchur	16	21.437	80.204
Dokmoka	03	26.210	93.052
Vellakkalpatty	25	11.703	78.103
Dalavaypuram	25	9.392	77.498
Jua	33	15.531	73.950
Magam	12	34.093	74.590
Torban	17	24.768	93.947
Bansatarkheda	35	23.792	79.339
Pardi Parnera	09	20.571	72.951
Patsoi	17	24.786	93.880
Sialgudri	38	23.761	86.352
Mulur	19	12.940	74.928
Barua Bari Gaon	03	26.118	91.966
Howraghat	03	26.109	93.033
Bardol	21	21.382	83.594
Chulissheri	13	10.591	76.190
Varca	33	15.232	73.943
Kharach	09	21.454	72.916
Bashohli	12	32.500	75.816
Bahrampur	23	32.131	75.396
Saidapur	19	16.564	77.265
Badmal	21	20.380	83.286
Kadaiyam	25	8.820	77.373
Adduru	19	12.920	74.957
Orvad	09	20.453	72.920
Chuganwan	23	31.706	74.663
Baghaula	10	28.209	77.308
Bobruwada	19	14.653	74.294
Golkhera	35	22.438	75.660
Bayanpur	10	28.963	77.008
Kot	23	32.400	75.722
Kadmat	14	11.225	72.775
Odagaon	21	20.016	84.987
Kachrauli	10	29.458	76.949
Tola Baliadih	34	24.737	86.433
Narra	38	23.782	86.101
Davrapada	16	18.796	73.078
Puttantura	25	8.103	77.419
Kullursandai	25	9.543	77.981
Sangvi	35	21.808	75.613
Fatikrai	26	24.183	92.018
Naroda	09	23.070	72.657
Navoor	19	12.891	75.085
Chauparan	38	24.387	85.253
Jawala Mukhi	11	31.875	76.320
Chathirareddipatti	25	9.625	77.967
Mansur Chak	34	25.623	85.921
Candola	33	15.521	73.964
Changsari	03	26.264	91.684
Umarkhanguda	40	17.265	78.673
Lakhi Nepali	03	27.833	95.224
Jainagar	38	23.657	85.320
Sanjali	09	21.548	72.990
Gargeswari	19	12.239	76.895
Bankoli	07	28.812	77.141
Chennagiri	25	11.536	78.068
Kenjaru	19	12.963	74.859
Kiyamgei	17	24.745	93.938
Tinpahar	38	24.983	87.733
Jogindarnagar	11	31.987	76.789
Nai-Ledri	37	23.177	82.199
Vanapadi	25	12.962	79.328
Bhagirathpur	34	25.894	85.776
Toramangalam	25	11.693	77.903
Kilvayattanankuppam	25	12.955	78.987
Bhardua	34	24.920	83.795
Desur	25	12.437	79.481
Marar	38	23.671	85.508
Singhesar Asthan	34	25.982	86.794
Patrodih	38	24.158	86.317
Dharampur	34	25.875	85.769
Matheran	16	18.983	73.265
Digheli	03	26.440	91.456
Cherra	38	24.012	85.750
Shiriya	13	12.633	74.931
Kanadukattan	25	10.172	78.779
Kizhuppillikkara	13	10.397	76.141
Padoli	16	20.000	79.262
Lebachhara	26	23.396	91.734
Sinduria	38	24.390	83.604
Bungal	23	32.314	75.749
Saja	37	21.667	81.317
Gopinathpur	38	22.663	86.075
Damalerimuttur	25	12.536	78.567
Kharbav	16	19.297	72.996
Madhogarh	35	24.564	80.911
Borgolai Grant No.11	03	27.287	95.715
Toto	38	23.133	84.528
Bongabar	38	23.701	85.524
Malicherla	02	18.071	83.400
Ratnu Chak	12	32.667	74.927
Tamgaon	16	16.648	74.299
Mubarikpur	23	30.615	76.856
Kasauli	11	30.899	76.966
Irba	38	23.455	85.440
Raiwala Bara	39	30.019	78.229
Mohana	21	19.443	84.261
Mahuda	38	23.725	86.277
Ramnagar	28	22.778	88.246
Uttar Krishnapur Pt III	03	24.776	92.792
Bara	34	24.806	84.790
Niz-Bahjani	03	26.381	91.416
Gunpuram	40	18.611	78.194
Garhi	24	23.590	74.148
Hesabettu	13	12.719	74.887
Aruvankad	25	11.363	76.758
Mangampeta	02	14.016	79.314
Mettamalai	25	9.396	77.895
Bhim Kanari	38	23.798	86.195
Diguvametta	02	15.395	78.829
Berla	37	21.526	81.478
Chinna Kalaiyamputtur	25	10.471	77.466
Chikhaldara	16	21.400	77.319
Samangaon	16	19.968	73.876
Bhainsa	35	23.865	78.730
Hirmi	37	21.539	81.940
Badakodanda	21	19.937	84.551
Kasipet	40	19.027	79.438
Prisal	12	33.756	75.042
Shuganu	17	24.295	93.874
Survepalle Bit ? II	02	14.269	79.962
Talwara	12	33.105	74.793
Koppa	19	13.530	75.363
Kuttankuli	25	8.217	77.781
Kalaigaon	03	26.574	91.976
Barla	24	26.430	74.727
Jaswantpura	24	24.804	72.460
Termi	38	23.770	86.062
Chandrapur Baghicha	03	26.238	91.929
Sanvordem	33	15.263	74.120
Joshipur	21	21.963	86.075
Rawan	37	21.684	82.087
Charingia Gaon	03	26.733	94.146
Lido Tikok	03	27.288	95.736
Mosli Pt I	03	24.860	92.477
Lakema	20	25.567	93.761
Dudpatil I	03	24.911	92.790
Tharial	23	32.354	75.607
Taping	38	23.837	85.495
Bhandardaha	28	22.615	88.192
Nallippalaiyam	25	11.239	78.149
Arkula	19	12.874	74.943
Arempudi	02	17.270	82.375
Subulia	21	20.896	84.169
Budhpura	24	25.113	75.458
Manethi	10	28.158	76.389
Vellarivalli	25	11.267	77.455
Dhatau	16	18.428	73.151
Sengmai	17	24.946	93.881
Sihasa	35	22.703	75.779
Kalparapatti	25	11.585	78.027
Khotran	23	31.201	75.801
Rangapuram	25	13.145	79.398
Nerul	33	15.510	73.781
Manjakollai	25	10.756	79.820
Dungarpur	09	21.445	70.494
Kurukkuppatti	25	11.694	77.981
Ambepur	16	18.688	72.986
Vithal Udyognagar INA	09	22.534	72.925
Majhiari	12	33.597	74.225
Chembagaramanpudur	25	8.246	77.491
Kaliapani	21	21.052	85.777
Topa	38	23.736	85.473
Kovilpalaiyam	25	10.738	77.035
Kanwala	10	30.348	76.794
Sikhera	36	28.862	77.571
Paluru	21	19.467	85.133
Mudabettu	19	13.268	74.748
Naubaisa Goan	03	26.796	94.216
Dadhapatna	21	20.411	85.827
Bowluvada	02	17.745	82.989
Manipura	19	13.296	74.793
Avanoor	13	10.608	76.176
Kotla	11	32.250	76.033
Pallippattu	25	12.479	78.546
Nava Bhildi	09	24.191	72.006
Soolakkarai	25	9.536	77.951
Makundapur	21	19.609	84.675
Muringur Vadakummuri	13	10.289	76.339
Rupiabathan	03	26.405	91.343
Lasur	16	19.941	74.985
Bilaur	12	32.614	75.605
Mercurim	33	15.427	73.900
Sarauni	38	24.818	87.314
Satakha	20	25.925	94.436
Devasthanam	25	12.668	78.582
Mullippattu	25	12.670	79.259
Piriapara	37	22.971	82.700
Urimari	38	23.705	85.303
Doptala	16	19.802	79.342
Ramgarh	12	33.404	74.224
Korangarapadi	19	13.310	74.761
Alaudia	38	23.686	84.733
Bir Ghaghar	10	30.709	76.889
Tadali	16	20.031	79.194
Vadi	25	9.472	77.876
Ramgarh	10	30.649	76.889
Tentirupperai	25	8.604	77.988
Mukmelpur	07	28.792	77.163
Tarsali	09	22.256	73.217
Palasbari	03	26.124	91.540
Damara Patpara	03	25.939	90.787
Paria	34	25.281	86.581
Yehiapur	34	26.149	85.396
Cumbarjua	33	15.516	73.947
Periyagaram	25	12.489	78.518
Tummikapalle	02	17.913	83.179
Hale Dharmapuri	25	12.159	78.164
Ghanaula	23	31.025	76.603
Bhisiyana	23	30.281	74.772
Mancad	25	8.298	77.170
Dhinde	12	32.627	74.783
Majra	10	30.451	77.037
Avarpuri	16	19.793	79.129
Highways	25	9.647	77.360
Nadgaon Tarf Birwadi	16	18.101	73.456
Kurul	16	18.642	72.895
Bhatli	21	21.458	83.536
Salakati	03	26.444	90.364
Piparia	37	22.002	81.326
Kundam	35	23.219	80.350
Ojwah	07	28.569	76.908
Borigam	21	19.359	84.806
Arjunda	37	20.946	81.202
Dariapur	34	25.385	85.964
Ramagiri Udayagiri	21	19.160	84.143
Pulankinar	25	10.591	77.197
Bishungarh	38	24.015	85.755
Asham	12	34.252	74.626
Chandil	38	22.957	86.053
Bisambharpur	37	23.335	83.409
Nadaun	11	31.783	76.343
Kumardubhi	28	23.742	86.779
Murhari	26	24.179	91.823
Tushara	21	20.490	83.484
Bhamal	38	23.781	86.735
Dera Gopipur	11	31.879	76.219
Daulatpur	11	31.789	75.992
Tirumalpur	25	12.954	79.677
Badra	35	23.192	81.929
Kasinayakkampatti	25	12.483	78.534
Herur	19	13.419	74.745
Majirgaon	03	26.135	91.568
Malanka	09	21.725	72.175
Chhatha	12	32.681	74.828
Evri	24	25.032	73.918
Pindrai	35	22.521	80.038
Urjanagar	16	19.994	79.303
Pusaur	37	21.754	83.382
Narendranagar	39	30.162	78.287
Audhan	16	20.848	74.766
Majaragollappatti	25	11.668	78.074
Majarkuri	03	26.273	91.496
Kalu Chak	12	32.657	74.902
Kotla Nihang	23	30.953	76.538
Sarka Ghat	11	31.699	76.735
Amathur	25	9.563	77.859
Dhekorgorha	03	26.788	94.166
Ketakipatana	21	19.893	85.816
Suranga	38	23.709	86.461
Kannapalayam	25	13.091	80.100
Kariyangala	19	12.936	74.962
Patuli	28	23.553	88.265
Wadi Ratnagiri	16	16.801	74.180
Mariyat	13	12.176	75.168
Medha	16	17.794	73.829
Champawat	39	29.335	80.078
Mahura	35	23.357	80.919
Kalyansingapuram	21	19.506	83.309
Sansarpur	23	31.269	75.620
Indipur	21	20.661	85.525
Haralapura	19	14.533	75.809
Jakhri	11	31.490	77.697
Aralgoria	38	23.752	86.364
Malakpur	23	32.275	75.588
Mangan	29	27.510	88.522
Udiana	03	26.461	91.606
Marma	38	23.765	86.734
Tupkhana Pt I	03	24.856	92.761
Harina	38	23.808	86.207
Amlabad	38	23.687	86.377
Upper Sileru Project Site Camp	02	18.058	82.033
Gorah Salathian	12	32.605	75.042
Parxem	33	15.675	73.780
Semari	24	24.055	73.857
Kanheipur	21	20.580	85.980
Alagdiha	38	23.733	86.453
Bhandra	38	23.879	86.104
Danguwapasi	38	22.169	85.588
Utarlai	24	25.814	71.466
Orgao	33	15.514	73.959
Sawombung	17	24.874	94.014
Tihu	03	26.476	91.267
Kaliawadi	09	20.951	72.946
Khilchian	23	31.552	75.172
Thanganellur	13	10.624	76.186
Sansikhara	38	23.746	86.344
Ranipur	35	22.576	77.977
Tlabung	31	22.912	92.498
Katkona	37	23.357	82.675
Jhinghipahari	38	23.815	86.303
Ramgarh	21	20.563	85.991
Vativellupalli	40	16.248	78.798
Indpur	11	32.153	75.727
Pipalibari	03	26.377	91.336
Sanpara	03	26.039	91.513
Tenu	38	23.726	85.846
Mulakuddu	02	17.916	83.449
Kadambur	25	8.997	77.862
Kaipadar	21	20.135	85.553
Chhuria Kalan	37	21.005	80.630
Ramalingapuram	25	9.403	77.577
Telkap	34	24.705	84.009
Mandholi Kalan	10	28.709	75.683
Sagbara	09	21.544	73.792
Saloh	23	31.106	76.132
Samanattam	25	9.868	78.146
Haralahalli	19	13.041	76.106
Bhuntar	11	31.860	77.150
Tangi	21	19.933	85.400
Tensa	21	21.873	85.171
Bansdih	34	25.979	85.925
Jonai Bazar	03	27.829	95.219
Pittal	21	19.532	84.730
Balrampur	37	23.612	83.611
Hesla	38	23.621	85.280
Eravu	13	10.490	76.135
Bhopalpatnam	37	18.863	80.385
Sanivarsante	19	12.728	75.887
Delwara	24	24.776	73.746
Jorada	21	20.917	85.123
Nandkharki	38	23.782	86.192
Sham Churasi	23	31.500	75.749
Neturhat	38	23.475	84.268
Puravachcheri	25	10.757	79.822
Kalpeni	14	10.083	73.643
Tsudikong	20	26.680	94.644
Paprawat	07	28.588	76.979
Yelagiri	25	12.580	78.640
Bahadurpur	34	26.115	85.902
Kadvad	19	14.834	74.177
Venkatraipur	21	19.259	84.888
Garal	03	26.139	91.607
Govindpur	37	23.245	82.969
Marhi	12	33.110	74.842
Thekashu Pt-I	03	25.984	90.779
Karle	16	16.977	73.308
Sijhua	38	23.769	86.169
Isasani	16	21.098	79.004
Sabo	35	23.215	81.567
Naubasta	35	24.564	81.185
Theog	11	31.122	77.358
Chikhla	16	21.553	79.762
Gokul	36	27.439	77.720
Pandoh	11	31.669	77.054
Jhab	24	25.024	71.834
Pal	16	20.138	75.455
Dobbaspet	19	13.228	77.243
Maralia	12	32.639	74.821
Bhairabi	03	24.195	92.545
Sasti	16	19.818	79.330
Madhuban	38	23.761	86.213
Batoti	12	33.118	75.309
Nowsolia Gaon	03	26.731	94.186
Chachoke	23	31.197	75.775
Bundia	21	21.781	83.914
Shahpur	35	22.195	77.907
Moira	33	15.603	73.839
Bichri	24	24.588	73.834
Madattumpadi	13	10.199	76.270
Pyala	10	28.266	77.312
Aversa	19	14.733	74.300
Basar	30	27.990	94.695
Vovale	16	18.976	73.063
Sringeri	19	13.417	75.253
Kothapet	40	19.352	79.483
Kulad	21	20.843	85.167
Mundamarai	21	19.639	84.601
Chawand	24	24.188	73.811
Madarpakkam	25	13.447	80.005
Longding	30	26.884	95.319
Sepon	03	27.111	94.849
Tisauli	36	27.344	79.030
Dhaki	23	32.257	75.626
Bardubhi	38	23.732	86.347
Daitari	21	21.100	85.750
Danara	21	20.946	85.097
Joka	28	22.487	87.969
Palampur	11	32.115	76.557
Tirumalagiri	25	11.655	78.076
Panara	35	22.206	78.551
Manakkudi Mukkuvartura	25	8.090	77.481
Kurichikara	13	10.572	76.256
Kabatabandha	21	20.876	86.025
Kair	07	28.624	76.918
Bursera	38	23.735	86.145
Aur	23	31.068	76.002
Kalikapur	38	22.617	86.288
Pituk	41	34.139	77.536
Sahur	16	21.308	78.215
Gho Brahmanan de	12	32.556	74.954
Charibatia	21	20.559	85.939
Gyalshing	29	27.290	88.258
Melukote	19	12.663	76.649
Raghunathpuram	40	17.677	78.962
Apta	16	18.854	73.130
Sundarapandiyanpattanam	25	9.841	79.098
Maroa	03	26.351	91.451
Shakar	23	31.972	75.064
Solakut	12	34.539	74.255
Balria	24	24.354	73.735
Darlawn	31	24.013	92.924
Jaurian	12	32.833	74.576
Kiltan	14	11.486	73.004
Chiria	38	22.311	85.276
Ghomanhasan	12	32.722	74.735
Limkheda	09	22.835	73.992
Raipur Rasulpur	23	31.402	75.594
Baliyasan	09	23.461	72.388
Balkudra	38	23.647	85.316
Banihal	12	33.436	75.197
Santokhpur Unwan	36	26.949	79.114
Barora	38	23.792	86.229
Muhdal	23	31.686	74.951
Nallampatti	25	11.343	77.537
HMT Pinjore	10	30.785	76.909
Nihalpur Simba	12	32.624	74.782
Shahjangi	34	25.231	86.954
Gagret	11	31.658	76.061
Jodhan	23	30.796	75.756
Nandgaon	16	19.901	79.306
Ear	34	25.427	84.337
Rupa	30	27.205	92.401
Nakhula Grant	03	26.122	92.210
Mevalurkuppam	25	13.032	80.000
Air Khas	36	25.932	79.515
Gurur	37	20.681	81.401
Chuari Khas	11	32.431	76.014
Keran	12	34.654	73.953
Ghoga	34	25.217	87.157
Dirang	30	27.333	92.267
Parpori	37	21.587	81.208
Zawlnuam	31	24.135	92.332
Chomon	23	31.427	75.736
Pay	35	24.900	79.888
Fazilpur	10	28.988	77.053
Sabathu Cantonment	11	30.975	76.992
Limla	09	21.186	72.703
Pasur	25	11.230	77.861
Tattihalli	19	14.984	75.013
Digha	28	21.628	87.520
Lalpania	38	23.739	85.750
Panhala	16	16.812	74.110
Sumerganj Mandi	24	25.730	76.231
Bat	36	24.856	83.072
Chainpal	21	20.886	85.219
North Vanlaiphai	31	23.132	93.065
Daulatpur	11	32.056	76.261
Ambikanagar	19	15.127	74.657
Pataliputra Housing Colony	34	25.627	85.107
Mandoli	24	25.044	72.573
Bariyar	23	32.064	75.435
Bhagirathpur	34	26.270	86.063
Suntikoppa	19	12.456	75.830
Atul	09	20.544	72.941
Lakhanpur	12	32.385	75.597
Luwangsangbam	17	24.870	93.922
Asara	16	20.059	78.013
Borkhera	24	25.521	75.640
Guhagar	16	17.484	73.193
Jawaharnagar	09	22.358	73.134
Yarada	02	17.659	83.274
Zotirpada	16	18.585	73.097
Dayal Bagh	36	27.221	78.011
Chakrata	39	30.704	77.864
Sad	35	25.613	78.245
Bharuch INA	09	21.734	73.011
Gopalur	40	16.612	77.807
Sarubera	38	23.818	85.996
Arki	11	31.152	76.967
Lengpui	31	23.832	92.626
Amrala	36	28.780	77.609
Chandrai	24	25.428	72.940
Kachujan Gaon	03	27.498	95.364
Kakar Majra	10	30.483	77.025
Kalaikunda	28	22.339	87.226
Korampallam	25	8.775	78.092
Adh	36	28.867	77.792
Mugma	38	23.770	86.727
Men	34	25.030	84.892
Ratnapuram	40	18.628	79.552
Lebur Bit ? I	02	14.504	80.083
Kanam	25	8.543	78.057
Setiya	35	22.217	78.845
Jar	36	27.736	80.597
Rajgarh	11	30.851	77.301
Dariba	24	24.949	74.134
Rid	24	26.701	74.539
Sankhwali	24	25.466	72.882
Sap	16	17.583	74.233
Idaiseval	25	9.088	77.809
Anjani Khurd	16	20.067	76.479
Chowari	11	32.432	76.012
Govindapuram	02	16.155	80.103
Nangilickondan	25	12.255	79.475
Dagshai	11	30.884	77.052
Tipo	21	21.068	85.133
Boleng	30	28.334	94.962
Heirok	17	24.586	94.067
Saputara	09	20.578	73.751
Pallevada	02	16.578	81.295
Kahol	36	28.859	77.796
Shitlu	12	34.237	74.351
Barbari (AMC Area)	03	27.491	94.933
Chatakonda	40	17.553	80.648
Mop	16	19.952	76.655
Dugadda	39	29.807	78.611
Sangat Kalan	23	30.083	74.841
Bakultala	01	12.504	92.862
Hindustan Paper Corporation Ltd. Township	03	24.861	92.601
Kodlipet	19	12.801	75.887
Sachin INA	09	21.092	72.859
Khonmoh	12	34.058	74.950
Chavutapalem	02	14.308	79.892
Palaj	09	23.221	72.701
Khan Sahib	12	33.933	74.657
Amaravati	19	14.516	75.819
Adityapatna	19	13.269	76.715
Chineni	12	33.036	75.284
Hosangadi	19	13.698	74.954
Seoni	11	31.237	77.119
Rudraprayag	39	30.285	78.984
Nagalwari	16	21.121	78.960
Gobindpur	36	28.856	77.772
Epuru Bit - I - B	02	14.269	80.058
Khawhai	31	23.378	93.128
Newa Talai	24	24.352	73.748
May	09	23.430	70.395
Mar?S?	31	23.261	92.401
Jonka	28	22.690	87.988
Laharijan Natun Bosti	03	25.912	93.691
Naigaon Dattapur	16	20.244	76.575
pedda nakkalapalem	02	15.867	80.162
Unjalur	25	11.128	77.870
Bansdih	34	25.878	84.873
Jutogh	11	31.100	77.117
Wadgaon Tejan	16	20.052	76.511
Dwarahat	39	29.778	79.427
Kuttalam	25	8.930	77.270
Jogighopa	03	26.226	90.572
Burhai	38	24.357	86.546
O.C.L. Industrial Township	21	22.206	84.592
Anini	30	28.798	95.902
Changar Talai	11	31.453	76.523
Chetlat	14	11.688	72.710
Koloriang	30	27.910	93.355
Dikshitpur	36	25.157	82.966
Ant	36	26.462	80.106
Raniwara	24	24.749	72.205
Reddivaripalle	02	13.603	79.047
Numaligarh Refinery Township	03	26.589	93.744
Ukhimath	39	30.516	79.092
Hill Town	17	24.340	93.691
Biate	31	23.249	93.121
GSFC Complex INA	09	22.373	73.155
Kudremukh	19	13.223	75.253
Madhavkampa	09	23.191	73.228
Pal	09	22.212	70.759
Kurwa	34	25.397	85.347
Tetra	38	22.871	84.759
4 Arm (Kharwali)	24	28.749	73.067
Dubai	36	27.084	82.932
Devaprayag	39	30.146	78.603
Marpara North	31	23.270	92.404
Jeti	36	26.344	80.874
Met	16	19.615	77.849
Nadrala	36	27.418	79.152
Hoda	09	24.135	72.331
Ganguvada	02	18.667	84.117
Anand Nagar	03	26.224	90.227
Thegur	19	13.294	75.770
Dunai	36	27.892	77.952
Shivani Pisa	16	20.096	76.453
Auroville	25	12.005	79.809
Baga	33	15.565	73.755
Edakkulam	13	10.610	76.184
Nagar	11	32.138	77.174
Paikpara	28	24.771	87.923
Pipalkoti	39	30.426	79.431
Pitampura	07	28.690	77.131
Sector	36	28.571	77.326
Walhur	16	20.056	76.483
Bad	34	25.113	84.293
Dubai	36	26.312	80.752
Gulmarg	12	34.054	74.382
Manu Bans Grunt	39	29.990	77.935
Petro-Chemical Complex INA	09	22.375	73.118
Pangala	19	13.250	74.750
Kolanukonda	02	16.454	80.610
Kapuria	35	23.881	78.745
Paharpur	34	24.759	84.968
Kunzar	12	34.095	74.500
Limodra	09	21.355	73.006
Pipavav Bandar	09	20.973	71.558
Chaupal	11	30.946	77.588
Hayuliang	30	28.073	96.543
Rawalsar	11	31.631	76.835
Pat	35	23.541	75.917
Bakloh	23	32.479	75.919
Septankulam	25	12.531	79.452
Hamre	12	34.211	74.511
Adde Vishwanathapura	19	13.206	77.547
Bakreswar	28	23.883	87.373
Kharpada	16	18.836	73.094
Kurhatitra	36	26.083	83.931
Jubbal	11	31.109	77.651
Red	16	16.999	74.152
Par	35	24.207	78.150
Thang	41	34.927	76.793
Anjanvel	16	17.551	73.146
Arya	35	22.921	76.943
Sharakpur	23	31.141	75.508
Hui	10	28.540	75.981
Kud	12	33.072	75.287
Tut	23	31.164	75.447
Parva I	31	22.086	92.647
Karnala	16	18.855	73.090
Akasahebpet	02	17.505	82.566
Harina Pashdal Bar	28	21.902	87.706
Sarahan	11	31.510	77.794
Arak	16	20.302	77.276
Adha Chat	36	27.907	80.763
Joka	21	22.084	86.472
Bhota	11	31.608	76.564
Lad	37	22.843	82.491
Baldeopur	36	28.656	79.857
Abhaneri	24	27.007	76.608
Banjar	11	31.639	77.341
7LC	24	29.403	73.603
Rib	09	22.121	70.746
Mop	16	19.828	77.381
Fertilizer Corporation of India Township	21	20.907	85.172
Mav Patoda	16	19.460	76.192
Dug	23	31.786	74.574
Baisi	34	25.863	87.745
Sagalee	30	27.234	93.497
Pasaur	10	28.573	76.776
Sangau ?E?	31	22.741	93.057
Kotkhai	11	31.117	77.539
Tungidighi	28	25.784	87.933
Era	24	25.023	74.582
Khorajpur	36	28.819	77.437
Beg	36	27.433	79.440
Nayabazar	29	27.147	88.280
Naina Devi	11	31.306	76.536
Palackattumala	13	9.744	76.629
Ajani Khurd	16	18.620	76.941
Shakar Pur Baramad	07	28.621	77.279
Budhikhamari	21	22.092	86.493
Valsad INA	09	20.623	72.971
Net	24	25.585	75.571
Lit	23	31.497	75.484
Patpat	38	22.841	85.810
Mad	24	25.343	73.973
Koyali	16	20.029	76.491
Pimpalkhuta	16	20.015	76.500
Mubarakpur Net	36	25.711	83.698
Wadgaon Sarhad	16	19.904	76.482
Job	37	21.003	80.527
Pariswani	12	34.060	74.486
Dad	24	23.369	73.894
Valia	09	21.571	73.160
Dubai	36	27.084	81.751
West Bunghmun	31	23.180	92.487
Kawlchaw ?E?	31	22.402	92.952
Naya Bazar	29	27.131	88.240
Doha	36	25.482	80.478
Garha Brahman	35	23.869	77.357
Kavalur	19	15.288	75.943
Aar	24	24.508	73.577
Badian	23	30.338	75.354
Chapora	33	15.603	73.740
Ellora	16	20.023	75.163
Nagla Panchi	36	27.113	79.121
Sinquerim	33	15.504	73.769
Hawai	30	27.887	96.802
Ajani Budruk	16	20.586	77.152
Udanapur	16	20.051	76.491
Arhal	11	31.209	77.700
Ishanpur	23	30.639	76.118
Joka	21	22.246	86.518
Ajani	16	18.256	77.137
Deb	12	32.704	75.567
Narkanda	11	31.257	77.461
Devasora	31	22.165	92.625
1A	24	30.188	73.968
Devasora South	31	22.132	92.642
Khata Khedi	35	23.872	77.290
Panoli	09	21.531	72.964
Gangotri	39	30.996	78.943
Latabari	03	26.305	89.857
Bualpui NG ?E?	31	22.518	93.042
3 b	24	29.942	73.845
1 Arm (Surjanwali)	24	28.747	73.142
Unwa Birit	34	26.785	84.815
Tuisentlang	31	22.119	92.680
Kun Darorian	12	32.981	74.942
Lodhika	09	22.134	70.633
Dr.Iqubalnagar	16	17.891	73.307
Lit	23	31.804	75.769
Bondukbangsora	31	22.030	92.630
Tuichawngtlang	31	22.152	92.678
Rajani	16	20.092	76.478
Kamtuli	31	22.098	92.606
Bang	21	20.138	85.725
Balli Patti	36	26.762	82.788
Chandpura	35	23.853	77.297
3 B	24	30.132	73.968
Patalpani	35	23.841	77.354
Ajani Khurd	16	20.573	77.139
Nashirabad	16	20.586	77.153
Kalol INA	09	23.211	72.519
Kedarnath	39	30.720	79.068
kembanur	25	11.243	76.900
kotta palem	02	15.857	80.165
Pharkian	12	34.580	74.077
Amaravati	02	16.542	80.515
Ampati	18	25.462	89.933
Bishramganj	26	23.606	91.344
Chandel	17	24.330	94.004
Dasarahalli	19	13.099	77.832
Defence Colony	07	28.571	77.233
Garamur	03	26.949	94.172
George Town	25	13.093	80.280
Hamren	03	25.934	92.617
Harsiddhi Society, Ram Talavadi, Mission Road, Nadiad	09	22.705	72.843
Hatsingimari	03	25.710	89.901
Haveli	16	18.430	73.882
Hnahthial	31	22.910	92.760
Jaoli	16	17.948	73.622
Kalimpong, Крукети	28	27.056	88.462
Kamjong	17	24.858	94.515
Khanpur	09	23.284	73.682
Khliehriat	18	25.358	92.366
Lemmi	30	27.147	93.246
Mushalpur	03	26.579	91.426
Nautan	34	26.720	84.475
Neemuch	24	24.476	74.862
Pangin	30	28.210	94.989
Pherzawl	17	24.262	93.189
Raga	30	27.799	94.074
Shahdara	07	28.603	77.140
Shahmirpet	40	17.595	78.575
Sonari	03	27.073	95.028
Sukma	37	18.390	81.659
Tato	30	28.528	94.372
Tengnoupal	17	24.386	94.147